FileDir,R,G,B
./classification/shine_muscat_rembg/h5bjJtG5XAYYll3ekhTUsIqxpJh2_3_3.png,0.429455875238339,0.588770312188736,0.453076353908762
./classification/shine_muscat_rembg/LFv4Zfpax2MfiwCevisWzvPv1h23_6_3.png,0.50010962309996,0.498656269424196,0.116433293778607
./classification/shine_muscat_rembg/60TiN3ofOZMGIp67vkZdqPPHLWG2_0_3.png,0.462480968858131,0.47960092272203,0.324243367935409
./classification/shine_muscat_rembg/Lxwc0iV4HDehbTrrjcilczUj1oR2_12_3.png,0.567483804094325,0.627656560421525,0.334860499265786
./classification/shine_muscat_rembg/4HLc9cd1VtSZyMr6zfZTBOIH0bC2_0_3.png,0.541733709469578,0.654438755964197,0.576181520565597
./classification/shine_muscat_rembg/e46uocnHchOR7uTTVYuKm1OLmqx1_1_3.png,0.445217458299626,0.481854719621968,0.369251511999692
./classification/shine_muscat_rembg/4Zxq51qdTUb3sDstSdIFgdxEEmz1_5_3.png,0.4905239039436,0.523473892927958,0.372665344789601
./classification/shine_muscat_rembg/HZl22XO10eXk4JTyxJiLfliGx8v1_4_3.png,0.473745861981156,0.500670571258807,0.219035735506324
./classification/shine_muscat_rembg/gDJ3HPPjvzQLCVK0KIVSQIemTEI2_0_3.png,0.560611948847243,0.582123299770359,0.314190125954832
./classification/shine_muscat_rembg/mN9d4ZoyuRaGxolcNm5th0tYPHa2_3_3.png,0.259947485738033,0.279054743284597,0.085169443499943
./classification/shine_muscat_rembg/OulHeXby7xUi0UX7eLBdX4eTrPz1_6_3.png,0.521628498727735,0.495537287140341,0.176324364155527
./classification/shine_muscat_rembg/Gf2krynLW6Mj2LxIFILiJ3jg51j2_15_3.png,0.443957747843783,0.441644862228252,0.273303830043824
./classification/shine_muscat_rembg/LUFwApMi3saUjynuvbBCygNMrYC2_4_3.png,0.366538906371877,0.391528820032814,0.226599693375292
./classification/shine_muscat_rembg/wnBuuyD4AicwEokro7eL0IONx843_8_3.png,0.468729105752403,0.491116211316167,0.315245071839532
./classification/shine_muscat_rembg/mg5aUdwmbQQNkKlLxAqKFen8TWm2_10_3.png,0.387275469628411,0.45834635952283,0.348443713149595
./classification/shine_muscat_rembg/LFv4Zfpax2MfiwCevisWzvPv1h23_3_3.png,0.474887425356081,0.557719885814471,0.321400795702308
./classification/shine_muscat_rembg/9UG434dfgBOiVmjQOPtrqsCArR32_1_3.png,0.454618109480517,0.457436845993218,0.237806899680667
./classification/shine_muscat_rembg/lMHwhLOTKJZzm54DNsn9uJjFp6i1_0_3.png,0.730132641291811,0.819602754596648,0.484980324309655
./classification/shine_muscat_rembg/WLWbEPtbwYP9rwyULcrhmu0FMgr1_2_3.png,0.408327744485069,0.431326395950068,0.274241539204869
./classification/shine_muscat_rembg/wnBuuyD4AicwEokro7eL0IONx843_16_3.png,0.441746641074856,0.46285423958451,0.278090775657672
./classification/shine_muscat_rembg/7WlvrDph6NOgVA5q4Whkh5RrMMg1_0_3.png,0.410384607939918,0.443443083057507,0.189915413351915
./classification/shine_muscat_rembg/DsrKaDbcSdQWjE6R2NQYSBLEPKn1_5_3.png,0.510167536605869,0.541536175786366,0.331777217367505
./classification/shine_muscat_rembg/b8TV6EU0vrTcYpZurB3H3eNvlxr1_6_3.png,0.367183253599263,0.389652539137075,0.252202232553961
./classification/shine_muscat_rembg/iIMm6D13p8Ymh4Wqst8dxracpn93_12_3.png,0.484463827725183,0.514179342623125,0.162346795258188
./classification/shine_muscat_rembg/mgwUrQidp9cOMGzOn8wb2GTNEv42_4_3.png,0.55724445050326,0.571758344125599,0.40084747688183
./classification/shine_muscat_rembg/ZPNqZOQs4MfekLGaYMQewrjYZaF3_5_3.png,0.539013276035666,0.571621046512835,0.28399298311172
./classification/shine_muscat_rembg/kiwtnLvJEORv3uUzZvj71xkyzxJ3_0_3.png,0.429734065965271,0.616032712867913,0.519657537164033
./classification/shine_muscat_rembg/b8TV6EU0vrTcYpZurB3H3eNvlxr1_5_3.png,0.386107348975682,0.4168454189392,0.261951999219103
./classification/shine_muscat_rembg/yqirVxgybQVtc8IZgQWDwsukvar2_6_3.png,0.415089895383073,0.420524963979202,0.254102612290923
./classification/shine_muscat_rembg/O8CoSYLlQHSz8bSiJ49lkwUBbKl2_2_3.png,0.39856152067814,0.395330650455233,0.274093101578331
./classification/shine_muscat_rembg/9UG434dfgBOiVmjQOPtrqsCArR32_3_3.png,0.502561004842035,0.516561676015149,0.343017402560046
./classification/shine_muscat_rembg/jl078viZgJWXCXnZPyEOmT9xWtC2_1_3.png,0.510673838857077,0.635624963849847,0.375350801087397
./classification/shine_muscat_rembg/y4D0WWARVjM77OTWjKqnt515lG13_1_3.png,0.565991357783423,0.578353201745815,0.33391092871257
./classification/shine_muscat_rembg/oP2s2Doj2GNg1j08sd3Y6mVDIi02_0_3.png,0.470269165782546,0.480150890015325,0.275454438288341
./classification/shine_muscat_rembg/a0UM5CBCSjecr3ypTrXxEJKRa6w2_1_3.png,0.51498817425803,0.545145723659114,0.394445716029603
./classification/shine_muscat_rembg/wnBuuyD4AicwEokro7eL0IONx843_14_3.png,0.582484923551747,0.619073145309211,0.503769281271363
./classification/shine_muscat_rembg/P4c0JEtb55WUbFu5UikTWQXEPAF2_10_3.png,0.467113057989153,0.441497705465165,0.305106382978723
./classification/shine_muscat_rembg/LFv4Zfpax2MfiwCevisWzvPv1h23_7_3.png,0.47924718806163,0.451415224517545,0.185669379320558
./classification/shine_muscat_rembg/Dc0WrvwXWCPSnnw0EWPs9wIo9Vi2_6_3.png,0.183516515724376,0.193049815840636,0.080332561524859
./classification/shine_muscat_rembg/XBOvU5hwioVWH64Iwh3BmJPEJjA3_0_3.png,0.304665644759532,0.280526282174107,0.125413553043367
./classification/shine_muscat_rembg/2R4pzOrk7DXEXHMcyUIkIuNB5jD3_0_3.png,0.477232875529066,0.477951973741038,0.323082404768075
./classification/shine_muscat_rembg/3BWYNWUrUJc2dooVNq4RCVbdvkF3_10_3.png,0.383120718166785,0.407134420033074,0.20012336929417
./classification/shine_muscat_rembg/7INZg4v4GvROlnjwBuZUEIh8eBt2_3_3.png,0.451633986928105,0.461709128095683,0.270477079720777
./classification/shine_muscat_rembg/5Ca50apGZ6VGuoeYmDJpYV9qEu23_3_3.png,0.624367703285694,0.637064752908463,0.420384796254268
./classification/shine_muscat_rembg/5sLxODxqADQbrmVVKrTuhffNq8B2_1_3.png,0.368974799840219,0.41941680126435,0.287799371298564
./classification/shine_muscat_rembg/7wtBi1DTiLh1hip8jd8IxONTKko2_0_3.png,0.322325191133111,0.52568332138019,0.427177229964422
./classification/shine_muscat_rembg/O8CoSYLlQHSz8bSiJ49lkwUBbKl2_1_3.png,0.474890603600895,0.443942278785449,0.276924875572035
./classification/shine_muscat_rembg/LFv4Zfpax2MfiwCevisWzvPv1h23_2_3.png,0.503681030244398,0.583063983209892,0.359369630839664
./classification/shine_muscat_rembg/yqirVxgybQVtc8IZgQWDwsukvar2_5_3.png,0.614326692600888,0.602134988932113,0.380517898542182
./classification/shine_muscat_rembg/ePFLPMQGSfUnOlK8UtOiRSipXKp2_17_3.png,0.625976883739468,0.529998933441112,0.383074271792886
./classification/shine_muscat_rembg/ePFLPMQGSfUnOlK8UtOiRSipXKp2_9_3.png,0.603543480172338,0.591778774289985,0.456005451507958
./classification/shine_muscat_rembg/yrmY6DfT3cVRJ71QjOMtA2C3xtx2_7_3.png,0.479600684087022,0.587791830728234,0.439786421668059
./classification/shine_muscat_rembg/7wtBi1DTiLh1hip8jd8IxONTKko2_12_3.png,0.445430290216215,0.441813285005915,0.195162224068061
./classification/shine_muscat_rembg/mg5aUdwmbQQNkKlLxAqKFen8TWm2_1_3.png,0.453132586367881,0.524822595704949,0.454519140989729
./classification/shine_muscat_rembg/Gf2krynLW6Mj2LxIFILiJ3jg51j2_10_3.png,0.432558584409374,0.402892395982783,0.243175514108082
./classification/shine_muscat_rembg/TXboCjSwt5N6EegTRx5qGfF529A2_0_3.png,0.501969088323524,0.641480604947114,0.443909527813243
./classification/shine_muscat_rembg/9UG434dfgBOiVmjQOPtrqsCArR32_0_3.png,0.475611996326025,0.534675132782237,0.37614312527455
./classification/shine_muscat_rembg/9gsemINaeJddrR4xqkS61tGPAef1_1_3.png,0.408006051085123,0.381113632396579,0.277437598184674
./classification/shine_muscat_rembg/hBbgjFeiYhboiu9zPpiJoncYlVp2_1_3.png,0.472988445378151,0.504408263305322,0.250323879551821
./classification/shine_muscat_rembg/WLWbEPtbwYP9rwyULcrhmu0FMgr1_1_3.png,0.424096787651231,0.454341003177048,0.327941978755496
./classification/shine_muscat_rembg/7Iqcti1zwyVTa8ktvEiDEBzz7qm2_8_3.png,0.474700460023439,0.526181105805391,0.481326196848052
./classification/shine_muscat_rembg/Lxwc0iV4HDehbTrrjcilczUj1oR2_2_3.png,0.469342129375115,0.615872857214254,0.490222733103437
./classification/shine_muscat_rembg/mLLTM8eQHvakUgTZnyIYyqKVZIm1_2_3.png,0.509089940323956,0.515489130434783,0.256740196078431
./classification/shine_muscat_rembg/2flMfSl9K4M3VO1943sXL9F10wV2_0_3.png,0.415392397745339,0.443113166642578,0.191123476417594
./classification/shine_muscat_rembg/eO9Yc7wPbpOYbNJaxOXPx6kopqq1_0_3.png,0.449002255769565,0.457004040554275,0.271574824620114
./classification/shine_muscat_rembg/Gf2krynLW6Mj2LxIFILiJ3jg51j2_9_3.png,0.441578947368421,0.482801857585139,0.216640866873065
./classification/shine_muscat_rembg/lefhhfbZj5U1XPHBw0N6GSoH1fh1_1_3.png,0.56260948823974,0.702695522653506,0.497828020096928
./classification/shine_muscat_rembg/01yinoGAP1QCGSAbW5AgHMZTAmr1_4_3.png,0.495694816853728,0.623932800227796,0.43160192677313
./classification/shine_muscat_rembg/Gf2krynLW6Mj2LxIFILiJ3jg51j2_3_3.png,0.471980941909474,0.484311335261451,0.231858562197736
./classification/shine_muscat_rembg/Z1srmBuetPdGkUUHCHsN44JwObr1_2_3.png,0.220242326950273,0.216305469556244,0.115235255895731
./classification/shine_muscat_rembg/Pf73cFXmRfaqKIZ5FvGlwJqytP83_0_3.png,0.576428169969989,0.569554290077307,0.372538415041517
./classification/shine_muscat_rembg/eMcXVZJ1vVNpDiipZY8zOPrE4m62_10_3.png,0.402357620423112,0.397721566827741,0.272105391032044
./classification/shine_muscat_rembg/lHZzvNprIHg6y23V5cnLPADhDTo2_0_3.png,0.403268779768381,0.447564130461062,0.241904209279273
./classification/shine_muscat_rembg/yrmY6DfT3cVRJ71QjOMtA2C3xtx2_9_3.png,0.404646666062419,0.507305356657301,0.341684038792713
./classification/shine_muscat_rembg/4Zxq51qdTUb3sDstSdIFgdxEEmz1_7_3.png,0.475987193169691,0.502944315399586,0.327540963023416
./classification/shine_muscat_rembg/52PXH1dldWRkUvpjOd0FNqRcNM03_6_3.png,0.552084272920559,0.697313317440887,0.622771299100144
./classification/shine_muscat_rembg/GhytQQmgaGdFZDWowfylPV5jVwz1_3_3.png,0.446083361269416,0.538193554324177,0.297113709714526
./classification/shine_muscat_rembg/b8TV6EU0vrTcYpZurB3H3eNvlxr1_10_3.png,0.421588664662945,0.454452554744525,0.295797910405038
./classification/shine_muscat_rembg/vTeZ04dykgM2aNUPrgC0q0r5CdB3_5_3.png,0.369732408189037,0.386758357525719,0.099991077985272
./classification/shine_muscat_rembg/7N6hx7aXgOVWdgamIeX0JyclEg62_2_3.png,0.538842438029958,0.559728582543012,0.315970888606573
./classification/shine_muscat_rembg/7Iqcti1zwyVTa8ktvEiDEBzz7qm2_0_3.png,0.450766841390021,0.531327250372096,0.468167993269915
./classification/shine_muscat_rembg/AAAHujQHp1aHTU6cMhqxmmGOUjI2_2_3.png,0.670315801178695,0.671750250194596,0.315341561955595
./classification/shine_muscat_rembg/7N6hx7aXgOVWdgamIeX0JyclEg62_0_3.png,0.372063428274811,0.381363339528809,0.241288658930694
./classification/shine_muscat_rembg/Gf2krynLW6Mj2LxIFILiJ3jg51j2_7_3.png,0.457695831747509,0.462835313852356,0.281467698510029
./classification/shine_muscat_rembg/52PXH1dldWRkUvpjOd0FNqRcNM03_3_3.png,0.2076726342711,0.214002802520308,0.114287954062185
./classification/shine_muscat_rembg/6rN1MoCMhMcLJIUFasflIy8ZkB62_0_3.png,0.475560814851573,0.467038210482116,0.237846572762785
./classification/shine_muscat_rembg/eMcXVZJ1vVNpDiipZY8zOPrE4m62_15_3.png,0.401253412757508,0.415208488458675,0.178325887316952
./classification/shine_muscat_rembg/wnBuuyD4AicwEokro7eL0IONx843_13_3.png,0.595729295937784,0.627805079837842,0.427805079837842
./classification/shine_muscat_rembg/ePFLPMQGSfUnOlK8UtOiRSipXKp2_21_3.png,0.567855778980497,0.682035581190166,0.637541974479516
./classification/shine_muscat_rembg/Dc0WrvwXWCPSnnw0EWPs9wIo9Vi2_7_3.png,0.349476254380079,0.355820845448446,0.144993662864385
./classification/shine_muscat_rembg/mg5aUdwmbQQNkKlLxAqKFen8TWm2_5_3.png,0.424330250738869,0.498102774335018,0.42117774176121
./classification/shine_muscat_rembg/7WlvrDph6NOgVA5q4Whkh5RrMMg1_3_3.png,0.367690489412904,0.399517279678756,0.205480797983681
./classification/shine_muscat_rembg/PlAGSW6bsSZWQucdxNVsodw4Ta83_0_3.png,0.361964543005701,0.401578650629581,0.249233853285723
./classification/shine_muscat_rembg/oEe9XP5Vl1gyb7rXTsDtGTmqBvD3_6_3.png,0.486266494334065,0.527702465758915,0.36504854368932
./classification/shine_muscat_rembg/vipeSdK9s9QdPeOGiOlUBrKa3g83_1_3.png,0.290630702365549,0.283872466076109,0.118320560034504
./classification/shine_muscat_rembg/ePFLPMQGSfUnOlK8UtOiRSipXKp2_13_3.png,0.610229635777843,0.572438351763099,0.509070300855891
./classification/shine_muscat_rembg/ZPNqZOQs4MfekLGaYMQewrjYZaF3_6_3.png,0.562936344969199,0.597874139388815,0.421562588074244
./classification/shine_muscat_rembg/7INZg4v4GvROlnjwBuZUEIh8eBt2_9_3.png,0.443443134511587,0.496323272225994,0.346595889142646
./classification/shine_muscat_rembg/01yinoGAP1QCGSAbW5AgHMZTAmr1_1_3.png,0.425698562803868,0.48425495538815,0.336788302968781
./classification/shine_muscat_rembg/OulHeXby7xUi0UX7eLBdX4eTrPz1_4_3.png,0.507895647607795,0.486706526798181,0.218224672705357
./classification/shine_muscat_rembg/LUFwApMi3saUjynuvbBCygNMrYC2_7_3.png,0.237668787831755,0.284736665114595,0.096520771897149
./classification/shine_muscat_rembg/jowKRYF0mzfBWp1YrBGU6Rh4KVV2_0_3.png,0.359504643962848,0.366570072239422,0.158158926728586
./classification/shine_muscat_rembg/Lp2QWzhBKHMF47c2srDjEuqKbot2_4_3.png,0.562393587789426,0.555564542051617,0.242291141734325
./classification/shine_muscat_rembg/beD40M0jj8R54ZtvcE1o0zUrHoN2_0_3.png,0.509200124494242,0.526837846249611,0.292125739184563
./classification/shine_muscat_rembg/SpLiJ9MjuwOCTOos3l9E1PF6HbX2_4_3.png,0.418583456056017,0.453499680457918,0.288362184741634
./classification/shine_muscat_rembg/7INZg4v4GvROlnjwBuZUEIh8eBt2_4_3.png,0.422995719790366,0.393932989635702,0.227724230683019
./classification/shine_muscat_rembg/sohpguGRVtMEMm6UodVG6DZUtU03_0_3.png,0.389830458499189,0.39703670942061,0.218463806575262
./classification/shine_muscat_rembg/5Ca50apGZ6VGuoeYmDJpYV9qEu23_0_3.png,0.422560229016849,0.472674909893597,0.344618621415145
./classification/shine_muscat_rembg/a0UM5CBCSjecr3ypTrXxEJKRa6w2_2_3.png,0.408013371094294,0.427500502963616,0.284860021356609
./classification/shine_muscat_rembg/LUFwApMi3saUjynuvbBCygNMrYC2_1_3.png,0.509844895729297,0.622890897760933,0.299176248644865
./classification/shine_muscat_rembg/q7lHAJwLRsNMAy5M1E0ZfpuDgpD3_2_3.png,0.454317125694208,0.481158336166837,0.232666893346934
./classification/shine_muscat_rembg/3BWYNWUrUJc2dooVNq4RCVbdvkF3_2_3.png,0.437793302322388,0.467352111547858,0.276796145945977
./classification/shine_muscat_rembg/yqirVxgybQVtc8IZgQWDwsukvar2_4_3.png,0.151566158703084,0.151753185058839,0.093026909352066
./classification/shine_muscat_rembg/0NUYWNM075O3LK07U6UsH2l27uw2_0_3.png,0.444444444444444,0.448605259964286,0.261775974757719
./classification/shine_muscat_rembg/wnBuuyD4AicwEokro7eL0IONx843_18_3.png,0.494439510221433,0.529502858053791,0.362800513159193
./classification/shine_muscat_rembg/NJrd3R7akraJG7FJw0Iw8e5O1UH3_3_3.png,0.453937792611134,0.443698141195012,0.296509525796134
./classification/shine_muscat_rembg/wnBuuyD4AicwEokro7eL0IONx843_19_3.png,0.575423478482302,0.617010440539852,0.461027756557168
./classification/shine_muscat_rembg/uwpTiE17GJdhxiXPk6n27jL47Fv1_0_3.png,0.434595729719055,0.452808723587691,0.083224721969358
./classification/shine_muscat_rembg/ePFLPMQGSfUnOlK8UtOiRSipXKp2_7_3.png,0.606566623621439,0.587727657300619,0.510960205429636
./classification/shine_muscat_rembg/HZl22XO10eXk4JTyxJiLfliGx8v1_3_3.png,0.504119850187266,0.51218160557222,0.268468147846866
./classification/shine_muscat_rembg/eMcXVZJ1vVNpDiipZY8zOPrE4m62_14_3.png,0.567249036366683,0.630915870621753,0.48285989609519
./classification/shine_muscat_rembg/LUFwApMi3saUjynuvbBCygNMrYC2_3_3.png,0.443250150423979,0.479395326621633,0.217655122789388
./classification/shine_muscat_rembg/3BWYNWUrUJc2dooVNq4RCVbdvkF3_7_3.png,0.419541484716157,0.432840996660673,0.296682078945115
./classification/shine_muscat_rembg/60TiN3ofOZMGIp67vkZdqPPHLWG2_2_3.png,0.465709450355183,0.477466610613459,0.338067673468508
./classification/shine_muscat_rembg/kiwtnLvJEORv3uUzZvj71xkyzxJ3_2_3.png,0.520281243810655,0.673989898989899,0.611769657357893
./classification/shine_muscat_rembg/Lxwc0iV4HDehbTrrjcilczUj1oR2_8_3.png,0.425593190695505,0.459589187508502,0.239954138245982
./classification/shine_muscat_rembg/1YOZCXDX2vZQAbVdASXLoPshdOp2_0_3.png,0.273520024631837,0.375169907104933,0.372840396212104
./classification/shine_muscat_rembg/LUFwApMi3saUjynuvbBCygNMrYC2_5_3.png,0.280891152659586,0.30549999654913,0.124238220455377
./classification/shine_muscat_rembg/b8TV6EU0vrTcYpZurB3H3eNvlxr1_9_3.png,0.430281299799072,0.463029169264879,0.325254624818125
./classification/shine_muscat_rembg/5Ca50apGZ6VGuoeYmDJpYV9qEu23_2_3.png,0.450982388882233,0.529427738508845,0.438059582285052
./classification/shine_muscat_rembg/hBbgjFeiYhboiu9zPpiJoncYlVp2_2_3.png,0.556845530134793,0.589943018471655,0.403986985487786
./classification/shine_muscat_rembg/7INZg4v4GvROlnjwBuZUEIh8eBt2_5_3.png,0.38400022000385,0.393771140994967,0.171746005555097
./classification/shine_muscat_rembg/1J9b0Onah1hDP1VkuyPYocdWNEO2_6_3.png,0.386158431372549,0.378616470588235,0.090733594771242
./classification/shine_muscat_rembg/6rN1MoCMhMcLJIUFasflIy8ZkB62_2_3.png,0.484036860265708,0.489338622698816,0.264034380875638
./classification/shine_muscat_rembg/GmePDro6aATsoqS7RAPFiqkvcZo2_0_3.png,0.544547670514648,0.586138067423998,0.377749160649404
./classification/shine_muscat_rembg/PlAGSW6bsSZWQucdxNVsodw4Ta83_3_3.png,0.448303591099361,0.549482264816039,0.483823529411765
./classification/shine_muscat_rembg/mgwUrQidp9cOMGzOn8wb2GTNEv42_3_3.png,0.370365814259798,0.400876015805562,0.161767191033574
./classification/shine_muscat_rembg/LFv4Zfpax2MfiwCevisWzvPv1h23_0_3.png,0.429471844448086,0.509305077648515,0.259328441992705
./classification/shine_muscat_rembg/DsrKaDbcSdQWjE6R2NQYSBLEPKn1_7_3.png,0.636881596408329,0.711262417680545,0.503920328409669
./classification/shine_muscat_rembg/ZPNqZOQs4MfekLGaYMQewrjYZaF3_3_3.png,0.485059375863021,0.509353769676885,0.333717205191936
./classification/shine_muscat_rembg/Lp2QWzhBKHMF47c2srDjEuqKbot2_0_3.png,0.536906286462335,0.524195338512764,0.210471271237087
./classification/shine_muscat_rembg/AAAHujQHp1aHTU6cMhqxmmGOUjI2_1_3.png,0.55816936605003,0.590819537906507,0.199696372676953
./classification/shine_muscat_rembg/BLT4KFuaCXaJWB2bq073gnB9tkl2_0_3.png,0.55430279889053,0.540650552933972,0.290801243951347
./classification/shine_muscat_rembg/wnBuuyD4AicwEokro7eL0IONx843_10_3.png,0.579504254532001,0.605638179800222,0.460166481687014
./classification/shine_muscat_rembg/jl078viZgJWXCXnZPyEOmT9xWtC2_4_3.png,0.494997363248478,0.643650222925356,0.390066637902105
./classification/shine_muscat_rembg/Dc0WrvwXWCPSnnw0EWPs9wIo9Vi2_0_3.png,0.406416767738023,0.404741510006064,0.201682838083687
./classification/shine_muscat_rembg/4Zxq51qdTUb3sDstSdIFgdxEEmz1_2_3.png,0.417870729702346,0.470134521146775,0.318540467860852
./classification/shine_muscat_rembg/SftCPV05AmeFwNwQukpOT8qG5GG3_0_3.png,0.360718896865155,0.380994680576357,0.240520580488561
./classification/shine_muscat_rembg/ZPNqZOQs4MfekLGaYMQewrjYZaF3_1_3.png,0.63190456189992,0.65456447892949,0.443104833064379
./classification/shine_muscat_rembg/jl078viZgJWXCXnZPyEOmT9xWtC2_0_3.png,0.501215615530638,0.537981205711389,0.317347576432858
./classification/shine_muscat_rembg/b8TV6EU0vrTcYpZurB3H3eNvlxr1_12_3.png,0.485953905113751,0.513598097603958,0.37453209762519
./classification/shine_muscat_rembg/9UG434dfgBOiVmjQOPtrqsCArR32_2_3.png,0.395769993390615,0.412240920568746,0.248806073855644
./classification/shine_muscat_rembg/PlAGSW6bsSZWQucdxNVsodw4Ta83_1_3.png,0.157385799737132,0.161749953059199,0.104474128912851
./classification/shine_muscat_rembg/eMcXVZJ1vVNpDiipZY8zOPrE4m62_11_3.png,0.658763461620972,0.748481858096995,0.539494572446046
./classification/shine_muscat_rembg/pjyFgbnReOQbFh0sZkylb9VFRe82_0_3.png,0.532468566142859,0.54006647091091,0.380762156755187
./classification/shine_muscat_rembg/beD40M0jj8R54ZtvcE1o0zUrHoN2_2_3.png,0.335999392004864,0.391460708314333,0.188812889496884
./classification/shine_muscat_rembg/7wtBi1DTiLh1hip8jd8IxONTKko2_8_3.png,0.399077964519141,0.420916199813259,0.238388188608777
./classification/shine_muscat_rembg/yrmY6DfT3cVRJ71QjOMtA2C3xtx2_0_3.png,0.339502630320421,0.439317710824167,0.29238322971465
./classification/shine_muscat_rembg/OCnMysCGnWdtIIK3VSQXlUDkvd53_0_3.png,0.453287197231834,0.4789283841879,0.325836216839677
./classification/shine_muscat_rembg/5Ca50apGZ6VGuoeYmDJpYV9qEu23_5_3.png,0.607108338284809,0.595513963161022,0.389439492968905
./classification/shine_muscat_rembg/eXWuneoOrabe2VnswKBzUbfU7zl2_4_3.png,0.566926083148036,0.605740853042248,0.306148507512971
./classification/shine_muscat_rembg/J5Gs8CpPrSRCZlhzebeXw3avdxF3_2_3.png,0.374010508534685,0.379516756726489,0.17736838666928
./classification/shine_muscat_rembg/3BWYNWUrUJc2dooVNq4RCVbdvkF3_3_3.png,0.43635250785397,0.458696782580436,0.257637309067273
./classification/shine_muscat_rembg/7wtBi1DTiLh1hip8jd8IxONTKko2_6_3.png,0.413119029663147,0.435564353946707,0.215380425674543
./classification/shine_muscat_rembg/eMcXVZJ1vVNpDiipZY8zOPrE4m62_12_3.png,0.41634562420356,0.404860443129034,0.264553787972212
./classification/shine_muscat_rembg/2Pn1LTJsDNOFQGrDPYJS5x5czE93_0_3.png,0.576907260201378,0.643548489666137,0.465572866984632
./classification/shine_muscat_rembg/NJrd3R7akraJG7FJw0Iw8e5O1UH3_5_3.png,0.574908607510801,0.575044563279857,0.480464666606242
./classification/shine_muscat_rembg/K4HOR0m08reigZNTpv5iKLMZbqj1_2_3.png,0.352262793662357,0.399517392096157,0.253080798883021
./classification/shine_muscat_rembg/yqirVxgybQVtc8IZgQWDwsukvar2_10_3.png,0.411988888347385,0.419253699822928,0.182954010104456
./classification/shine_muscat_rembg/1J9b0Onah1hDP1VkuyPYocdWNEO2_5_3.png,0.453592227081568,0.353186942351873,0.156644456147582
./classification/shine_muscat_rembg/7wtBi1DTiLh1hip8jd8IxONTKko2_1_3.png,0.331660222774556,0.528669566418116,0.520836785418393
./classification/shine_muscat_rembg/mg5aUdwmbQQNkKlLxAqKFen8TWm2_13_3.png,0.3079883805374,0.392856671288044,0.268026671948241
./classification/shine_muscat_rembg/7WlvrDph6NOgVA5q4Whkh5RrMMg1_2_3.png,0.392056431173581,0.515970988540379,0.281435792485634
./classification/shine_muscat_rembg/le7YOhSWeDO6ZQ2TxTNaB8euvh72_0_3.png,0.30954291866497,0.331662914749927,0.171609409154677
./classification/shine_muscat_rembg/u0mGKeYUT4ORJ7yyqfERKsEiG5A2_1_3.png,0.363452215531882,0.376578662961247,0.18900108074726
./classification/shine_muscat_rembg/7Iqcti1zwyVTa8ktvEiDEBzz7qm2_9_3.png,0.398447712418301,0.464349128540305,0.355147058823529
./classification/shine_muscat_rembg/LFv4Zfpax2MfiwCevisWzvPv1h23_1_3.png,0.324058789563833,0.463421498270182,0.252070201998146
./classification/shine_muscat_rembg/b8TV6EU0vrTcYpZurB3H3eNvlxr1_1_3.png,0.490512746697374,0.544616639477977,0.338958193391549
./classification/shine_muscat_rembg/OulHeXby7xUi0UX7eLBdX4eTrPz1_1_3.png,0.418356904546264,0.533731218503983,0.330178119411997
./classification/shine_muscat_rembg/b8TV6EU0vrTcYpZurB3H3eNvlxr1_0_3.png,0.589653804186093,0.670065800350494,0.437797176206064
./classification/shine_muscat_rembg/soe9NM3G7kfV77QgIP67xIu37Hf2_0_3.png,0.46082550049277,0.452457231955048,0.300786961446244
./classification/shine_muscat_rembg/poe0uFnxyZcJRJBcCsPWI77wpuX2_3_3.png,0.348677776195224,0.362246593552675,0.19532830081185
./classification/shine_muscat_rembg/NRVHJkkWjJNqGjbhUB5rJWw4bgj1_1_3.png,0.585163077778847,0.695009787875871,0.575244696896762
./classification/shine_muscat_rembg/3BWYNWUrUJc2dooVNq4RCVbdvkF3_9_3.png,0.455334453781513,0.483765826330532,0.248022408963585
./classification/shine_muscat_rembg/vipeSdK9s9QdPeOGiOlUBrKa3g83_5_3.png,0.414110317024006,0.420068588182937,0.241707898112516
./classification/shine_muscat_rembg/mg5aUdwmbQQNkKlLxAqKFen8TWm2_11_3.png,0.338197155292323,0.402674204693319,0.275712298649437
./classification/shine_muscat_rembg/Lxwc0iV4HDehbTrrjcilczUj1oR2_4_3.png,0.523888544891641,0.545603715170279,0.281898864809081
./classification/shine_muscat_rembg/DVJxByGetpPxobbMpNm2DLHdgJ42_0_3.png,0.504201468546525,0.549533376394859,0.300973338975878
./classification/shine_muscat_rembg/eO9Yc7wPbpOYbNJaxOXPx6kopqq1_2_3.png,0.334919419258674,0.343773830405745,0.201889138687814
./classification/shine_muscat_rembg/eMcXVZJ1vVNpDiipZY8zOPrE4m62_0_3.png,0.449017790619492,0.442552108888041,0.207574188155336
./classification/shine_muscat_rembg/O65Yx2mJ5CNaeSjaZknJ8mj8N423_1_3.png,0.475216444065549,0.53681917211329,0.33602538599981
./classification/shine_muscat_rembg/DsrKaDbcSdQWjE6R2NQYSBLEPKn1_6_3.png,0.487417244371642,0.515443492165638,0.345398348300036
./classification/shine_muscat_rembg/8NjrIc6clNWEeLUZxJznNnUc4DG3_1_3.png,0.630017761989343,0.646875979521471,0.48818653571553
./classification/shine_muscat_rembg/JkmqkTH7HkQWjuHIC3BHliG3jFi2_1_3.png,0.506900226930824,0.497373211963589,0.159332976363497
./classification/shine_muscat_rembg/oEe9XP5Vl1gyb7rXTsDtGTmqBvD3_4_3.png,0.347901474639443,0.32807486631016,0.144430940420245
./classification/shine_muscat_rembg/poe0uFnxyZcJRJBcCsPWI77wpuX2_1_3.png,0.356052814978056,0.360788080842327,0.175833945489819
./classification/shine_muscat_rembg/mg5aUdwmbQQNkKlLxAqKFen8TWm2_4_3.png,0.340408364603703,0.418564910240826,0.308958300301253
./classification/shine_muscat_rembg/7WlvrDph6NOgVA5q4Whkh5RrMMg1_7_3.png,0.304542346924823,0.328666101494061,0.137553896500488
./classification/shine_muscat_rembg/mLLTM8eQHvakUgTZnyIYyqKVZIm1_1_3.png,0.436438444230151,0.445978784956606,0.174406943105111
./classification/shine_muscat_rembg/gxQJvWK3GeT9uWFOGZMXiGiJaXh1_1_3.png,0.155821436381244,0.156691970468485,0.091351931107015
./classification/shine_muscat_rembg/iIMm6D13p8Ymh4Wqst8dxracpn93_10_3.png,0.382817249557404,0.397564886261148,0.106193005311153
./classification/shine_muscat_rembg/7WlvrDph6NOgVA5q4Whkh5RrMMg1_6_3.png,0.270241246765678,0.305308027101001,0.13105996021597
./classification/shine_muscat_rembg/O8CoSYLlQHSz8bSiJ49lkwUBbKl2_0_3.png,0.280278391219969,0.275955296794486,0.173258381851034
./classification/shine_muscat_rembg/DsrKaDbcSdQWjE6R2NQYSBLEPKn1_2_3.png,0.615396328744264,0.644899874843554,0.459578639966625
./classification/shine_muscat_rembg/eMcXVZJ1vVNpDiipZY8zOPrE4m62_2_3.png,0.321557066222715,0.447216056233814,0.308328708842027
./classification/shine_muscat_rembg/mg5aUdwmbQQNkKlLxAqKFen8TWm2_8_3.png,0.29013253449528,0.275921387073348,0.143849854756717
./classification/shine_muscat_rembg/Dc0WrvwXWCPSnnw0EWPs9wIo9Vi2_2_3.png,0.429423306274766,0.547057541132869,0.444624834891445
./classification/shine_muscat_rembg/qrR0rzsSukd2yICQsQxUK1cErnj2_0_3.png,0.473740944653724,0.603639524775427,0.38318168646769
./classification/shine_muscat_rembg/3BWYNWUrUJc2dooVNq4RCVbdvkF3_6_3.png,0.476259662135898,0.505498735080643,0.254464814850217
./classification/shine_muscat_rembg/e46uocnHchOR7uTTVYuKm1OLmqx1_0_3.png,0.445308658294779,0.48736021150033,0.34984093412646
./classification/shine_muscat_rembg/Dc0WrvwXWCPSnnw0EWPs9wIo9Vi2_1_3.png,0.423011043497859,0.411761486203677,0.208055636047522
./classification/shine_muscat_rembg/wnBuuyD4AicwEokro7eL0IONx843_5_3.png,0.452180595581172,0.484373622647906,0.327296151890151
./classification/shine_muscat_rembg/eMcXVZJ1vVNpDiipZY8zOPrE4m62_13_3.png,0.588486408437441,0.72229267373972,0.637575072718522
./classification/shine_muscat_rembg/ePFLPMQGSfUnOlK8UtOiRSipXKp2_16_3.png,0.628686619287533,0.587210970604918,0.511251988032876
./classification/shine_muscat_rembg/mN9d4ZoyuRaGxolcNm5th0tYPHa2_0_3.png,0.582656802711664,0.641929197491526,0.575761270122745
./classification/shine_muscat_rembg/3ixq2Kt9oZciYPYucPoKRNxG2hB2_1_3.png,0.407719230490719,0.395024419287617,0.284517286602782
./classification/shine_muscat_rembg/eO9Yc7wPbpOYbNJaxOXPx6kopqq1_3_3.png,0.329033275508595,0.356244546075803,0.175486516322347
./classification/shine_muscat_rembg/Lxwc0iV4HDehbTrrjcilczUj1oR2_9_3.png,0.314292164764582,0.345626333434928,0.160800117398715
./classification/shine_muscat_rembg/7WlvrDph6NOgVA5q4Whkh5RrMMg1_10_3.png,0.334049532967721,0.33814639521198,0.189228624612893
./classification/shine_muscat_rembg/SuIZGlpjtFMCnElI6cXl6E2b58w2_0_3.png,0.553881195057666,0.634466840349193,0.513627984216219
./classification/shine_muscat_rembg/Gf2krynLW6Mj2LxIFILiJ3jg51j2_6_3.png,0.392912311560622,0.398944626729358,0.215316442850861
./classification/shine_muscat_rembg/9gsemINaeJddrR4xqkS61tGPAef1_2_3.png,0.391815746917324,0.359841823327269,0.230894986860724
./classification/shine_muscat_rembg/1J9b0Onah1hDP1VkuyPYocdWNEO2_8_3.png,0.41330436630694,0.406545918246865,0.164261931187569
./classification/shine_muscat_rembg/8NjrIc6clNWEeLUZxJznNnUc4DG3_5_3.png,0.358850998705019,0.372750461091708,0.155392483878141
./classification/shine_muscat_rembg/TvsbQytW6iVeq8fbE8k4zFNu6Hg1_2_3.png,0.343378800795681,0.43686179785924,0.395628492943071
./classification/shine_muscat_rembg/yrmY6DfT3cVRJ71QjOMtA2C3xtx2_14_3.png,0.238982216142271,0.325886000911993,0.238022799817601
./classification/shine_muscat_rembg/oEe9XP5Vl1gyb7rXTsDtGTmqBvD3_7_3.png,0.423350336444541,0.472644888213588,0.306283915780334
./classification/shine_muscat_rembg/Gf2krynLW6Mj2LxIFILiJ3jg51j2_12_3.png,0.442949540005576,0.42797137812471,0.284744912182883
./classification/shine_muscat_rembg/Gf2krynLW6Mj2LxIFILiJ3jg51j2_14_3.png,0.477135158084445,0.492431528510653,0.296444941211129
./classification/shine_muscat_rembg/Pf73cFXmRfaqKIZ5FvGlwJqytP83_1_3.png,0.558639531642041,0.558449958182325,0.414433602825016
./classification/shine_muscat_rembg/Z1srmBuetPdGkUUHCHsN44JwObr1_3_3.png,0.363851323321995,0.374797422495091,0.243032163500097
./classification/shine_muscat_rembg/1J9b0Onah1hDP1VkuyPYocdWNEO2_3_3.png,0.470898127071603,0.545240206062058,0.333940337845933
./classification/shine_muscat_rembg/p0Vd9695HVWc5vz3jLt2wyuyN2q2_1_3.png,0.505018385645499,0.525077177566352,0.327622720232639
./classification/shine_muscat_rembg/b8TV6EU0vrTcYpZurB3H3eNvlxr1_2_3.png,0.494186093328502,0.544590731569835,0.309685818201339
./classification/shine_muscat_rembg/oEe9XP5Vl1gyb7rXTsDtGTmqBvD3_2_3.png,0.448636923368381,0.474174481386758,0.283214928483471
./classification/shine_muscat_rembg/4Zxq51qdTUb3sDstSdIFgdxEEmz1_4_3.png,0.460129934326672,0.485737824541581,0.340578584374926
./classification/shine_muscat_rembg/wnBuuyD4AicwEokro7eL0IONx843_2_3.png,0.568085479805957,0.621233756660559,0.371545109271779
./classification/shine_muscat_rembg/QqqTdTQV2xZvfhn34o3UV1IvVtv2_0_3.png,0.315562435500516,0.364241486068111,0.137438596491228
./classification/shine_muscat_rembg/K4HOR0m08reigZNTpv5iKLMZbqj1_3_3.png,0.436315375098414,0.449602219472875,0.268221797323136
./classification/shine_muscat_rembg/Gf2krynLW6Mj2LxIFILiJ3jg51j2_4_3.png,0.502301456180121,0.513648646917944,0.267445345218427
./classification/shine_muscat_rembg/3BWYNWUrUJc2dooVNq4RCVbdvkF3_8_3.png,0.389091317694048,0.402894953240478,0.218903002722318
./classification/shine_muscat_rembg/52PXH1dldWRkUvpjOd0FNqRcNM03_5_3.png,0.417218793298904,0.40187401156037,0.237942086184938
./classification/shine_muscat_rembg/kiwtnLvJEORv3uUzZvj71xkyzxJ3_5_3.png,0.510541231768853,0.603336328656022,0.477228635284901
./classification/shine_muscat_rembg/P4c0JEtb55WUbFu5UikTWQXEPAF2_7_3.png,0.525354579872295,0.486890433406792,0.29319093631689
./classification/shine_muscat_rembg/LUFwApMi3saUjynuvbBCygNMrYC2_6_3.png,0.497789787293009,0.526167809880136,0.237385159010601
./classification/shine_muscat_rembg/NRVHJkkWjJNqGjbhUB5rJWw4bgj1_4_3.png,0.363266905308899,0.365022884721554,0.205481647699952
./classification/shine_muscat_rembg/Z1srmBuetPdGkUUHCHsN44JwObr1_0_3.png,0.451467721591561,0.450435729847495,0.30328517371861
./classification/shine_muscat_rembg/UUr0j2w355RUhUa8U1r4igFCfG43_1_3.png,0.429262546139951,0.569009659938742,0.462399539254954
./classification/shine_muscat_rembg/HZl22XO10eXk4JTyxJiLfliGx8v1_0_3.png,0.370872559550136,0.382721509656494,0.158981487331775
./classification/shine_muscat_rembg/aGD7ASf1Nmg9Jz9ALrNzdqTX4ol2_0_3.png,0.421112886724332,0.441610227532151,0.289227100930929
./classification/shine_muscat_rembg/ITHB3eUZhXSNvjvILEylMz3hV5s1_1_3.png,0.631082385319958,0.667655464853455,0.359624904264659
./classification/shine_muscat_rembg/aBDk8ks0w9WaooL4eKtprZfO3UX2_0_3.png,0.509114979095324,0.529359080869688,0.324521624013022
./classification/shine_muscat_rembg/kiwtnLvJEORv3uUzZvj71xkyzxJ3_6_3.png,0.504752043831834,0.630548545050583,0.537496494747514
./classification/shine_muscat_rembg/oEe9XP5Vl1gyb7rXTsDtGTmqBvD3_3_3.png,0.461410675381264,0.475140355287414,0.281933970169264
./classification/shine_muscat_rembg/fPQaqPza0mbl3nf30kFp1pcjXYX2_4_3.png,0.416636528028933,0.456637591745559,0.205784845583803
./classification/shine_muscat_rembg/7Iqcti1zwyVTa8ktvEiDEBzz7qm2_7_3.png,0.421938297473638,0.493044411509174,0.365375376910104
./classification/shine_muscat_rembg/UXeL1VFagMWUANnbnmiPUVXOjBa2_1_3.png,0.536578541528971,0.537197620621282,0.368689138576779
./classification/shine_muscat_rembg/u0mGKeYUT4ORJ7yyqfERKsEiG5A2_4_3.png,0.416240242607372,0.44738726311295,0.321128518409039
./classification/shine_muscat_rembg/h5bjJtG5XAYYll3ekhTUsIqxpJh2_1_3.png,0.376506876655659,0.529581110667586,0.435112675545233
./classification/shine_muscat_rembg/ePFLPMQGSfUnOlK8UtOiRSipXKp2_5_3.png,0.646329014526894,0.598209350485385,0.583722487817271
./classification/shine_muscat_rembg/9UG434dfgBOiVmjQOPtrqsCArR32_5_3.png,0.483657481905292,0.497913397037302,0.285343451801524
./classification/shine_muscat_rembg/7Iqcti1zwyVTa8ktvEiDEBzz7qm2_10_3.png,0.368042515903634,0.43774310652874,0.296828377317265
./classification/shine_muscat_rembg/60TiN3ofOZMGIp67vkZdqPPHLWG2_4_3.png,0.405986516030814,0.426361274223642,0.270370751920149
./classification/shine_muscat_rembg/yrmY6DfT3cVRJ71QjOMtA2C3xtx2_1_3.png,0.532481589921036,0.553710111495579,0.237338696162226
./classification/shine_muscat_rembg/sohpguGRVtMEMm6UodVG6DZUtU03_1_3.png,0.408579617713494,0.40782035950876,0.18811381280489
./classification/shine_muscat_rembg/4Zxq51qdTUb3sDstSdIFgdxEEmz1_1_3.png,0.583543200113551,0.62847699576211,0.433475272218505
./classification/shine_muscat_rembg/vipeSdK9s9QdPeOGiOlUBrKa3g83_7_3.png,0.373407254275512,0.375299129236359,0.249113575142517
./classification/shine_muscat_rembg/LFv4Zfpax2MfiwCevisWzvPv1h23_4_3.png,0.461045968775107,0.466867522202679,0.153523114672225
./classification/shine_muscat_rembg/7Iqcti1zwyVTa8ktvEiDEBzz7qm2_12_3.png,0.310519892604345,0.400141799458373,0.241479828445901
./classification/shine_muscat_rembg/X2FpQDi9rDUR5yilqRFciSwOH2w2_0_3.png,0.386795648491955,0.406436062797212,0.2875056999544
./classification/shine_muscat_rembg/mgwUrQidp9cOMGzOn8wb2GTNEv42_1_3.png,0.462710997442455,0.463109435994077,0.272822721766052
./classification/shine_muscat_rembg/fPQaqPza0mbl3nf30kFp1pcjXYX2_6_3.png,0.303137451669077,0.297053412433714,0.103704140963962
./classification/shine_muscat_rembg/8VBONPdeYHfaHhrO1WiJ7ns43Tf1_0_3.png,0.441826353259356,0.449419719206141,0.205619058982619
./classification/shine_muscat_rembg/DsrKaDbcSdQWjE6R2NQYSBLEPKn1_9_3.png,0.333348178388075,0.335980701428837,0.152807570977918
./classification/shine_muscat_rembg/WLWbEPtbwYP9rwyULcrhmu0FMgr1_0_3.png,0.426244966510856,0.465792508954046,0.343736214816164
./classification/shine_muscat_rembg/DsrKaDbcSdQWjE6R2NQYSBLEPKn1_1_3.png,0.567247085432986,0.546328726571205,0.338974538076469
./classification/shine_muscat_rembg/bf4USibOI4Unk1Boghm6eZrmAZI3_4_3.png,0.546829249934139,0.590879781215109,0.457155043719343
./classification/shine_muscat_rembg/OulHeXby7xUi0UX7eLBdX4eTrPz1_5_3.png,0.544938949210516,0.491139482162033,0.202960664996222
./classification/shine_muscat_rembg/jl078viZgJWXCXnZPyEOmT9xWtC2_5_3.png,0.339453357100416,0.405114166878873,0.175036075036075
./classification/shine_muscat_rembg/7INZg4v4GvROlnjwBuZUEIh8eBt2_8_3.png,0.488233626784047,0.524142990529545,0.362478324663199
./classification/shine_muscat_rembg/7Iqcti1zwyVTa8ktvEiDEBzz7qm2_3_3.png,0.412596998849477,0.501458960612959,0.400193385718832
./classification/shine_muscat_rembg/3BWYNWUrUJc2dooVNq4RCVbdvkF3_5_3.png,0.372051739110563,0.388467480232186,0.221481786187669
./classification/shine_muscat_rembg/yrmY6DfT3cVRJ71QjOMtA2C3xtx2_4_3.png,0.518199476094588,0.551842281899127,0.256778991511782
./classification/shine_muscat_rembg/eXWuneoOrabe2VnswKBzUbfU7zl2_5_3.png,0.555041263006817,0.592882922813905,0.408634627155491
./classification/shine_muscat_rembg/dAlq0XPynNYv0JxQvfG8zVXnReR2_0_3.png,0.268085407239819,0.263530668677727,0.240769544997486
./classification/shine_muscat_rembg/OGFOWF2lL9MwAQvJZeaMVOMZ77E2_2_3.png,0.364008257137792,0.372026372520428,0.187260906112226
./classification/shine_muscat_rembg/b8TV6EU0vrTcYpZurB3H3eNvlxr1_14_3.png,0.491838637094182,0.529741240758599,0.378126004500161
./classification/shine_muscat_rembg/LUFwApMi3saUjynuvbBCygNMrYC2_10_3.png,0.44528221252175,0.4874070230064,0.182120943862755
./classification/shine_muscat_rembg/WRWdPpcLl1XsrhYTpLoBVMHGzfe2_3_3.png,0.386002939930737,0.372745014990325,0.229228226657033
./classification/shine_muscat_rembg/7Iqcti1zwyVTa8ktvEiDEBzz7qm2_5_3.png,0.387614756885413,0.361240507763799,0.188872832369942
./classification/shine_muscat_rembg/oEe9XP5Vl1gyb7rXTsDtGTmqBvD3_0_3.png,0.50073215322364,0.545567657023039,0.302783915156871
./classification/shine_muscat_rembg/lHZzvNprIHg6y23V5cnLPADhDTo2_1_3.png,0.52397952284362,0.520221191925046,0.311051869023471
./classification/shine_muscat_rembg/yrmY6DfT3cVRJ71QjOMtA2C3xtx2_5_3.png,0.457237652691238,0.48167529130144,0.238252895413102
./classification/shine_muscat_rembg/7WlvrDph6NOgVA5q4Whkh5RrMMg1_8_3.png,0.436374171417976,0.451366677482656,0.292842905483706
./classification/shine_muscat_rembg/sohpguGRVtMEMm6UodVG6DZUtU03_3_3.png,0.475266515792121,0.496821693186669,0.240363034566645
./classification/shine_muscat_rembg/eatmtKr3LuYVDAg0V7CqwggRtWZ2_1_3.png,0.440029959094314,0.472299360488564,0.212699967352269
./classification/shine_muscat_rembg/fPQaqPza0mbl3nf30kFp1pcjXYX2_3_3.png,0.420826826305744,0.555179593961478,0.545876713517265
./classification/shine_muscat_rembg/y4D0WWARVjM77OTWjKqnt515lG13_0_3.png,0.536113469028999,0.662891991306808,0.504715635102675
./classification/shine_muscat_rembg/Lxwc0iV4HDehbTrrjcilczUj1oR2_16_3.png,0.562318291329417,0.580958826236431,0.335206590689658
./classification/shine_muscat_rembg/1J9b0Onah1hDP1VkuyPYocdWNEO2_7_3.png,0.438594535957619,0.40522628149403,0.180986559079865
./classification/shine_muscat_rembg/1J9b0Onah1hDP1VkuyPYocdWNEO2_2_3.png,0.481969040247678,0.543895424836601,0.301355349157207
./classification/shine_muscat_rembg/eMcXVZJ1vVNpDiipZY8zOPrE4m62_9_3.png,0.394263215998906,0.388309544046817,0.153572300868529
./classification/shine_muscat_rembg/52PXH1dldWRkUvpjOd0FNqRcNM03_0_3.png,0.394875682231656,0.383446196347955,0.207331042382589
./classification/shine_muscat_rembg/SftCPV05AmeFwNwQukpOT8qG5GG3_1_3.png,0.246507008056506,0.268528124195269,0.161556855387558
./classification/shine_muscat_rembg/DsrKaDbcSdQWjE6R2NQYSBLEPKn1_4_3.png,0.553972630718954,0.541893041938998,0.297848583877996
./classification/shine_muscat_rembg/AzsjpYFQPBY4e30Jnd52HZijqL23_0_3.png,0.501379811183733,0.569249029759255,0.455840575975512
./classification/shine_muscat_rembg/NJrd3R7akraJG7FJw0Iw8e5O1UH3_1_3.png,0.271847782393139,0.278596632274778,0.101795524587967
./classification/shine_muscat_rembg/oL4SIVCOF1c2hWueeG7EfwlIGu32_1_3.png,0.121888117655741,0.124731406842126,0.068865766364106
./classification/shine_muscat_rembg/DsrKaDbcSdQWjE6R2NQYSBLEPKn1_8_3.png,0.417571255306246,0.449004447139681,0.214362239741257
./classification/shine_muscat_rembg/bf4USibOI4Unk1Boghm6eZrmAZI3_3_3.png,0.517215891592239,0.57283304246655,0.430400711768128
./classification/shine_muscat_rembg/Gf2krynLW6Mj2LxIFILiJ3jg51j2_11_3.png,0.503518286747323,0.53719499802103,0.312882556186686
./classification/shine_muscat_rembg/7WlvrDph6NOgVA5q4Whkh5RrMMg1_5_3.png,0.325881140709762,0.377597963451223,0.172806618783526
./classification/shine_muscat_rembg/DsrKaDbcSdQWjE6R2NQYSBLEPKn1_3_3.png,0.517882708639011,0.560951047085501,0.365192743764172
./classification/shine_muscat_rembg/fPQaqPza0mbl3nf30kFp1pcjXYX2_8_3.png,0.482356382658373,0.64426261948395,0.676564368617126
./classification/shine_muscat_rembg/u0mGKeYUT4ORJ7yyqfERKsEiG5A2_5_3.png,0.425237842884902,0.41420243773185,0.204640775229011
./classification/shine_muscat_rembg/mg5aUdwmbQQNkKlLxAqKFen8TWm2_2_3.png,0.371286141575274,0.440700121856652,0.348480484472508
./classification/shine_muscat_rembg/yrmY6DfT3cVRJ71QjOMtA2C3xtx2_10_3.png,0.463955150354551,0.476086202350721,0.237131398914838
./classification/shine_muscat_rembg/yrmY6DfT3cVRJ71QjOMtA2C3xtx2_11_3.png,0.494390269476775,0.595026657310394,0.456618352812124
./classification/shine_muscat_rembg/fPQaqPza0mbl3nf30kFp1pcjXYX2_1_3.png,0.545127044900801,0.603892562942337,0.395312681285532
./classification/shine_muscat_rembg/eMcXVZJ1vVNpDiipZY8zOPrE4m62_1_3.png,0.408213747037276,0.40905408317173,0.238478776125835
./classification/shine_muscat_rembg/1J9b0Onah1hDP1VkuyPYocdWNEO2_0_3.png,0.574295119507657,0.610055037277021,0.380635465865178
./classification/shine_muscat_rembg/b8TV6EU0vrTcYpZurB3H3eNvlxr1_8_3.png,0.432806358825725,0.444595217706343,0.308646773379004
./classification/shine_muscat_rembg/vTeZ04dykgM2aNUPrgC0q0r5CdB3_3_3.png,0.493004908385372,0.528173104104027,0.099902346259605
./classification/shine_muscat_rembg/0TLYzZBYOPS2rBttgnGygVHCKNH3_0_3.png,0.240203097945622,0.306635780803968,0.183480743132575
./classification/shine_muscat_rembg/eMcXVZJ1vVNpDiipZY8zOPrE4m62_3_3.png,0.386351294655933,0.410559896142551,0.210151432393708
./classification/shine_muscat_rembg/3469Bjgpu4WFadF2E5CrlLNWaxh1_0_3.png,0.390067079463364,0.378980908152735,0.183555211558308
./classification/shine_muscat_rembg/4Zxq51qdTUb3sDstSdIFgdxEEmz1_8_3.png,0.398547320372499,0.440131940626718,0.267876122411581
./classification/shine_muscat_rembg/PlAGSW6bsSZWQucdxNVsodw4Ta83_4_3.png,0.337672502005033,0.403039353964435,0.319334052379767
./classification/shine_muscat_rembg/ZeNkq9EGkzfqqiR5VDX3omTJYd22_0_3.png,0.431315339612747,0.43940366003991,0.25847210019819
./classification/shine_muscat_rembg/yrmY6DfT3cVRJ71QjOMtA2C3xtx2_15_3.png,0.502382305579236,0.528551356130214,0.255337690631808
./classification/shine_muscat_rembg/lefhhfbZj5U1XPHBw0N6GSoH1fh1_2_3.png,0.497733827770911,0.687767517390145,0.548106675715197
./classification/shine_muscat_rembg/yqirVxgybQVtc8IZgQWDwsukvar2_3_3.png,0.404252584847246,0.409065950113909,0.221543314445937
./classification/shine_muscat_rembg/7wtBi1DTiLh1hip8jd8IxONTKko2_9_3.png,0.468276645143796,0.4856017082719,0.302625112274815
./classification/shine_muscat_rembg/iIMm6D13p8Ymh4Wqst8dxracpn93_5_3.png,0.414916703523515,0.418419578357659,0.176367389060887
./classification/shine_muscat_rembg/7wtBi1DTiLh1hip8jd8IxONTKko2_15_3.png,0.435311754564655,0.43296075344912,0.258079251489217
./classification/shine_muscat_rembg/fPQaqPza0mbl3nf30kFp1pcjXYX2_7_3.png,0.441221948190516,0.432215633800353,0.131858809536303
./classification/shine_muscat_rembg/RiPe8okgtDSHQLBCGwgBHzMHO8B2_1_3.png,0.611317569494348,0.638948773226568,0.498516009079606
./classification/shine_muscat_rembg/VRCyJjts85e9vWbwt4OOX4BQq342_1_3.png,0.56016511867905,0.619426312059383,0.461412212316759
./classification/shine_muscat_rembg/5PMTvUkG3uaR1WuTRreXO5pXecl1_3_3.png,0.318313725490196,0.321764705882353,0.192196078431373
./classification/shine_muscat_rembg/wCUAfSmO7oX3lYRHeKWrEQkXb4V2_0_3.png,0.284666921550421,0.27509967775411,0.144322464361789
./classification/shine_muscat_rembg/poe0uFnxyZcJRJBcCsPWI77wpuX2_4_3.png,0.22114920834644,0.220425710391108,0.123109992660166
./classification/shine_muscat_rembg/h5bjJtG5XAYYll3ekhTUsIqxpJh2_2_3.png,0.548856759314276,0.6283928610726,0.483148111470552
./classification/shine_muscat_rembg/p0Vd9695HVWc5vz3jLt2wyuyN2q2_0_3.png,0.424142723345116,0.444436387806278,0.23076225867851
./classification/shine_muscat_rembg/3BWYNWUrUJc2dooVNq4RCVbdvkF3_1_3.png,0.416288924781605,0.423048333593845,0.227631601799267
./classification/shine_muscat_rembg/mN9d4ZoyuRaGxolcNm5th0tYPHa2_1_3.png,0.570216311107144,0.69762563599036,0.591023237823202
./classification/shine_muscat_rembg/7WlvrDph6NOgVA5q4Whkh5RrMMg1_4_3.png,0.378817969367632,0.38950020415787,0.228074747843311
./classification/shine_muscat_rembg/GhytQQmgaGdFZDWowfylPV5jVwz1_1_3.png,0.387040217546873,0.439687991985115,0.281711273317113
./classification/shine_muscat_rembg/bf4USibOI4Unk1Boghm6eZrmAZI3_2_3.png,0.473689010487916,0.523066901179076,0.351783271448114
./classification/shine_muscat_rembg/wnBuuyD4AicwEokro7eL0IONx843_17_3.png,0.606642685352685,0.631228383895092,0.476328502415459
./classification/shine_muscat_rembg/mg5aUdwmbQQNkKlLxAqKFen8TWm2_15_3.png,0.346664618850151,0.405954026519224,0.316694824143757
./classification/shine_muscat_rembg/OGFOWF2lL9MwAQvJZeaMVOMZ77E2_0_3.png,0.409795079249287,0.451128501005814,0.183155381656609
./classification/shine_muscat_rembg/wnBuuyD4AicwEokro7eL0IONx843_1_3.png,0.5437176068032,0.588572434962009,0.366066186953823
./classification/shine_muscat_rembg/Hjonw67qUQe9fi5eCdpoyaxlKRt1_0_3.png,0.655127474718701,0.68325499691402,0.44351232018231
./classification/shine_muscat_rembg/yqirVxgybQVtc8IZgQWDwsukvar2_0_3.png,0.414265978332,0.484393708039458,0.430790857752248
./classification/shine_muscat_rembg/1J9b0Onah1hDP1VkuyPYocdWNEO2_4_3.png,0.424350772897954,0.427179586591136,0.136648932733108
./classification/shine_muscat_rembg/qrR0rzsSukd2yICQsQxUK1cErnj2_2_3.png,0.386240243670284,0.441056539120502,0.272813630306492
./classification/shine_muscat_rembg/ePFLPMQGSfUnOlK8UtOiRSipXKp2_20_3.png,0.653963893927615,0.603389479139674,0.465098039215686
./classification/shine_muscat_rembg/Dc0WrvwXWCPSnnw0EWPs9wIo9Vi2_8_3.png,0.454538390019844,0.455040728251669,0.24837156377059
./classification/shine_muscat_rembg/Lxwc0iV4HDehbTrrjcilczUj1oR2_15_3.png,0.71401006095322,0.715741352720864,0.40202320628626
./classification/shine_muscat_rembg/7WlvrDph6NOgVA5q4Whkh5RrMMg1_9_3.png,0.34366171839856,0.362483130904184,0.172763885581223
./classification/shine_muscat_rembg/yqirVxgybQVtc8IZgQWDwsukvar2_9_3.png,0.36688141923436,0.366137566137566,0.156339869281046
./classification/shine_muscat_rembg/wnBuuyD4AicwEokro7eL0IONx843_3_3.png,0.580384792414618,0.608502255362239,0.428671637669152
./classification/shine_muscat_rembg/hBbgjFeiYhboiu9zPpiJoncYlVp2_0_3.png,0.467782507739938,0.504573013415893,0.215550825593395
./classification/shine_muscat_rembg/mg5aUdwmbQQNkKlLxAqKFen8TWm2_3_3.png,0.092709337833494,0.109237383477981,0.049005544840887
./classification/shine_muscat_rembg/bf4USibOI4Unk1Boghm6eZrmAZI3_5_3.png,0.482744876606769,0.531522015920993,0.360228518284784
./classification/shine_muscat_rembg/5PMTvUkG3uaR1WuTRreXO5pXecl1_5_3.png,0.341958943201694,0.340219092331768,0.234465617232809
./classification/shine_muscat_rembg/NJrd3R7akraJG7FJw0Iw8e5O1UH3_4_3.png,0.428053492606127,0.402910395955309,0.287998218659541
./classification/shine_muscat_rembg/yrmY6DfT3cVRJ71QjOMtA2C3xtx2_12_3.png,0.403174295528206,0.500718200514692,0.402256893971207
./classification/shine_muscat_rembg/P4c0JEtb55WUbFu5UikTWQXEPAF2_1_3.png,0.69704302852651,0.711794826585561,0.571636582696023
./classification/shine_muscat_rembg/Xg783JBuGrXRzCCmFUJZEKZaY8y1_2_3.png,0.535889894419306,0.605510306686777,0.459270990447461
./classification/shine_muscat_rembg/eMcXVZJ1vVNpDiipZY8zOPrE4m62_4_3.png,0.344733688096265,0.35807085670454,0.174332422455535
./classification/shine_muscat_rembg/J5Gs8CpPrSRCZlhzebeXw3avdxF3_0_3.png,0.361548393967227,0.405661382000186,0.281773890819057
./classification/shine_muscat_rembg/01yinoGAP1QCGSAbW5AgHMZTAmr1_0_3.png,0.42467329498221,0.528700162936854,0.435048049745619
./classification/shine_muscat_rembg/oEe9XP5Vl1gyb7rXTsDtGTmqBvD3_5_3.png,0.317375482048775,0.318074339615809,0.120811833505332
./classification/shine_muscat_rembg/LUFwApMi3saUjynuvbBCygNMrYC2_0_3.png,0.457289342882862,0.490726390356542,0.219151892293844
./classification/shine_muscat_rembg/eXWuneoOrabe2VnswKBzUbfU7zl2_0_3.png,0.74195423874017,0.747598833347772,0.44425577791254
./classification/shine_muscat_rembg/O8CoSYLlQHSz8bSiJ49lkwUBbKl2_3_3.png,0.43527951217731,0.419016321612444,0.197356409975536
./classification/shine_muscat_rembg/hBbgjFeiYhboiu9zPpiJoncYlVp2_4_3.png,0.462306728858944,0.494784918372635,0.244767642739915
./classification/shine_muscat_rembg/b8TV6EU0vrTcYpZurB3H3eNvlxr1_4_3.png,0.467810900331226,0.507253307827196,0.382244894344368
./classification/shine_muscat_rembg/hBbgjFeiYhboiu9zPpiJoncYlVp2_3_3.png,0.606864376366187,0.65866692766957,0.368881928811458
./classification/shine_muscat_rembg/ePFLPMQGSfUnOlK8UtOiRSipXKp2_2_3.png,0.626440293408619,0.596524474352529,0.471258588905648
./classification/shine_muscat_rembg/4Zxq51qdTUb3sDstSdIFgdxEEmz1_0_3.png,0.523241257213123,0.595479899553323,0.365365156262732
./classification/shine_muscat_rembg/Xg783JBuGrXRzCCmFUJZEKZaY8y1_0_3.png,0.52719810968785,0.621541682211997,0.397840235459934
./classification/shine_muscat_rembg/K4HOR0m08reigZNTpv5iKLMZbqj1_4_3.png,0.352813431473934,0.39587261998905,0.254265263499402
./classification/shine_muscat_rembg/mN9d4ZoyuRaGxolcNm5th0tYPHa2_4_3.png,0.256974290744399,0.272359526401376,0.089860097568843
./classification/shine_muscat_rembg/mN9d4ZoyuRaGxolcNm5th0tYPHa2_6_3.png,0.334366839286505,0.359471960341699,0.128603992387023
./classification/shine_muscat_rembg/7Iqcti1zwyVTa8ktvEiDEBzz7qm2_13_3.png,0.325622768191246,0.397438364658841,0.278568221181602
./classification/shine_muscat_rembg/OCnMysCGnWdtIIK3VSQXlUDkvd53_2_3.png,0.524624105566397,0.666651798160022,0.547101570486014
./classification/shine_muscat_rembg/NRVHJkkWjJNqGjbhUB5rJWw4bgj1_0_3.png,0.274592708273083,0.287867044556269,0.12605317446546
./classification/shine_muscat_rembg/OulHeXby7xUi0UX7eLBdX4eTrPz1_8_3.png,0.577192619844846,0.570953384867651,0.251874664131288
./classification/shine_muscat_rembg/P4c0JEtb55WUbFu5UikTWQXEPAF2_3_3.png,0.45384742132147,0.431633437688801,0.308735651123194
./classification/shine_muscat_rembg/Gf2krynLW6Mj2LxIFILiJ3jg51j2_5_3.png,0.384209995533849,0.386979009090778,0.18948869775684
./classification/shine_muscat_rembg/eMcXVZJ1vVNpDiipZY8zOPrE4m62_8_3.png,0.407832213665411,0.411664572978681,0.151406412147032
./classification/shine_muscat_rembg/qrR0rzsSukd2yICQsQxUK1cErnj2_1_3.png,0.504803582332587,0.65479792839858,0.422328516181559
./classification/shine_muscat_rembg/9eWC825LyThCUlGNveSxzjuSxpI2_0_3.png,0.414464773251073,0.426188703329433,0.194745239868099
./classification/shine_muscat_rembg/OulHeXby7xUi0UX7eLBdX4eTrPz1_2_3.png,0.596374891515556,0.643148007342381,0.413672496025437
./classification/shine_muscat_rembg/fPQaqPza0mbl3nf30kFp1pcjXYX2_0_3.png,0.368689484046714,0.375486150443671,0.202535264449659
./classification/shine_muscat_rembg/GhytQQmgaGdFZDWowfylPV5jVwz1_2_3.png,0.421428803693949,0.489090495236237,0.298383897505934
./classification/shine_muscat_rembg/mgwUrQidp9cOMGzOn8wb2GTNEv42_0_3.png,0.472678533779103,0.490139855225244,0.216194291336606
./classification/shine_muscat_rembg/kiwtnLvJEORv3uUzZvj71xkyzxJ3_7_3.png,0.484932546174455,0.586011333191076,0.461957939161154
./classification/shine_muscat_rembg/5Ca50apGZ6VGuoeYmDJpYV9qEu23_6_3.png,0.642033340010238,0.631078765217778,0.415437003405221
./classification/shine_muscat_rembg/sohpguGRVtMEMm6UodVG6DZUtU03_6_3.png,0.237395731773372,0.220907810638067,0.103526161845954
./classification/shine_muscat_rembg/K4HOR0m08reigZNTpv5iKLMZbqj1_1_3.png,0.393821512548823,0.400550947925583,0.239123205729858
./classification/shine_muscat_rembg/eMcXVZJ1vVNpDiipZY8zOPrE4m62_18_3.png,0.320955741004591,0.313277698622702,0.177232738539476
./classification/shine_muscat_rembg/wnBuuyD4AicwEokro7eL0IONx843_9_3.png,0.339091770537211,0.385223829308675,0.241117115991378
./classification/shine_muscat_rembg/lefhhfbZj5U1XPHBw0N6GSoH1fh1_0_3.png,0.556260944629424,0.706411805812472,0.54006165988408
./classification/shine_muscat_rembg/3S4epfF0zRTIVzkIi8OoejDYkIf1_0_3.png,0.523667125713162,0.507056929051814,0.378655066634606
./classification/shine_muscat_rembg/yqirVxgybQVtc8IZgQWDwsukvar2_7_3.png,0.348243707494917,0.35233042760211,0.144261375587184
./classification/shine_muscat_rembg/7wtBi1DTiLh1hip8jd8IxONTKko2_11_3.png,0.493599747366003,0.493313811615422,0.300489765452301
./classification/shine_muscat_rembg/DsrKaDbcSdQWjE6R2NQYSBLEPKn1_0_3.png,0.471761691075011,0.517484723043564,0.307197272758897
./classification/shine_muscat_rembg/7wtBi1DTiLh1hip8jd8IxONTKko2_13_3.png,0.353822059388923,0.542574123074835,0.532384603206911
./classification/shine_muscat_rembg/P4c0JEtb55WUbFu5UikTWQXEPAF2_9_3.png,0.593788556977027,0.585634318487244,0.440582838640043
./classification/shine_muscat_rembg/JkmqkTH7HkQWjuHIC3BHliG3jFi2_0_3.png,0.565232181252206,0.59443535188216,0.373190847533776
./classification/shine_muscat_rembg/mg5aUdwmbQQNkKlLxAqKFen8TWm2_12_3.png,0.408790797718133,0.517260513108264,0.28727828174195
./classification/shine_muscat_rembg/kjROpyyO7eQKBVzMkdRYjSPJ4lC2_0_3.png,0.526039678408236,0.644389496211464,0.56306321938805
./classification/shine_muscat_rembg/Xg783JBuGrXRzCCmFUJZEKZaY8y1_1_3.png,0.560511665115672,0.602143638471209,0.420259261073289
./classification/shine_muscat_rembg/yrmY6DfT3cVRJ71QjOMtA2C3xtx2_6_3.png,0.440093201978498,0.531818119881726,0.316328060063497
./classification/shine_muscat_rembg/5PMTvUkG3uaR1WuTRreXO5pXecl1_2_3.png,0.285670146846617,0.286889058653765,0.151566080977846
./classification/shine_muscat_rembg/P4c0JEtb55WUbFu5UikTWQXEPAF2_5_3.png,0.60992275698158,0.670939459959068,0.566362976166898
./classification/shine_muscat_rembg/7INZg4v4GvROlnjwBuZUEIh8eBt2_1_3.png,0.502547871271495,0.541297045904746,0.310192920506416
./classification/shine_muscat_rembg/hEFaWrmlY9fZsRxWvo4AcyoXzku2_3_3.png,0.275340702449788,0.273944520496632,0.157184207479449
./classification/shine_muscat_rembg/K4HOR0m08reigZNTpv5iKLMZbqj1_0_3.png,0.409354803373863,0.457648218669656,0.342150741334983
./classification/shine_muscat_rembg/mg5aUdwmbQQNkKlLxAqKFen8TWm2_9_3.png,0.303796412181894,0.357081768877764,0.247851481017939
./classification/shine_muscat_rembg/LUFwApMi3saUjynuvbBCygNMrYC2_2_3.png,0.427109105176611,0.472898392086888,0.208840773117812
./classification/shine_muscat_rembg/WRWdPpcLl1XsrhYTpLoBVMHGzfe2_1_3.png,0.383047513676317,0.35377712213412,0.193296043600303
./classification/shine_muscat_rembg/Dc0WrvwXWCPSnnw0EWPs9wIo9Vi2_4_3.png,0.487324240349676,0.515656432671547,0.321642354345498
./classification/shine_muscat_rembg/mg5aUdwmbQQNkKlLxAqKFen8TWm2_6_3.png,0.270045839633283,0.256649146806826,0.132488540091679
./classification/shine_muscat_rembg/WRWdPpcLl1XsrhYTpLoBVMHGzfe2_0_3.png,0.374041122606289,0.377663032374301,0.194577660555855
./classification/shine_muscat_rembg/Rcd2eJ9CZ1aZHzRZv5FTUABSjkC2_0_3.png,0.463688600955351,0.463365483518318,0.295434889143793
./classification/shine_muscat_rembg/UUr0j2w355RUhUa8U1r4igFCfG43_0_3.png,0.406329222136734,0.440243096842383,0.196969061108391
./classification/shine_muscat_rembg/OCnMysCGnWdtIIK3VSQXlUDkvd53_1_3.png,0.519665158371041,0.635363499245852,0.460105580693816
./classification/shine_muscat_rembg/fPQaqPza0mbl3nf30kFp1pcjXYX2_5_3.png,0.546284612205538,0.55885199981632,0.255083804013409
./classification/shine_muscat_rembg/mLLTM8eQHvakUgTZnyIYyqKVZIm1_0_3.png,0.548189958064151,0.567494049642979,0.414140315085572
./classification/shine_muscat_rembg/8NjrIc6clNWEeLUZxJznNnUc4DG3_2_3.png,0.439570764203117,0.473941050779286,0.151734539969834
./classification/shine_muscat_rembg/2Pn1LTJsDNOFQGrDPYJS5x5czE93_1_3.png,0.315528275078147,0.398160841148054,0.241489059391873
./classification/shine_muscat_rembg/vipeSdK9s9QdPeOGiOlUBrKa3g83_6_3.png,0.322835595776772,0.333992673992674,0.182814048696402
./classification/shine_muscat_rembg/3ixq2Kt9oZciYPYucPoKRNxG2hB2_0_3.png,0.402900343315652,0.413826185549028,0.197649913179991
./classification/shine_muscat_rembg/52PXH1dldWRkUvpjOd0FNqRcNM03_1_3.png,0.347625395767372,0.359292895628506,0.162720102205188
./classification/shine_muscat_rembg/LYwmcM1vGyTdrWgTpNBYz4dvHFE3_0_3.png,0.460059653762184,0.446562733823273,0.252538359829034
./classification/shine_muscat_rembg/a0UM5CBCSjecr3ypTrXxEJKRa6w2_0_3.png,0.468366472656366,0.501655488915807,0.348198264740351
./classification/shine_muscat_rembg/jl078viZgJWXCXnZPyEOmT9xWtC2_3_3.png,0.50000569002993,0.651069156623764,0.388314954536661
./classification/shine_muscat_rembg/OulHeXby7xUi0UX7eLBdX4eTrPz1_0_3.png,0.604068006099322,0.574346573161639,0.297735593038174
./classification/shine_muscat_rembg/7N6hx7aXgOVWdgamIeX0JyclEg62_1_3.png,0.505975281107704,0.522485042139349,0.287646987340324
./classification/shine_muscat_rembg/wnBuuyD4AicwEokro7eL0IONx843_4_3.png,0.533537142455548,0.577918335793099,0.381140628294328
./classification/shine_muscat_rembg/vTeZ04dykgM2aNUPrgC0q0r5CdB3_2_3.png,0.294225844844376,0.301280340462365,0.143737151512966
./classification/shine_muscat_rembg/Dc0WrvwXWCPSnnw0EWPs9wIo9Vi2_3_3.png,0.509665415102211,0.530406341259908,0.286279516061744
./classification/shine_muscat_rembg/7wtBi1DTiLh1hip8jd8IxONTKko2_7_3.png,0.392069581455771,0.410719360207851,0.229354930377948
./classification/shine_muscat_rembg/6rN1MoCMhMcLJIUFasflIy8ZkB62_1_3.png,0.605670625057535,0.605844507860526,0.352589319504536
./classification/shine_muscat_rembg/eXWuneoOrabe2VnswKBzUbfU7zl2_3_3.png,0.608916581059151,0.642695073473581,0.408295740467789
./classification/shine_muscat_rembg/LUFwApMi3saUjynuvbBCygNMrYC2_8_3.png,0.340645288215621,0.38854725836823,0.128500229523247
./classification/shine_muscat_rembg/wnBuuyD4AicwEokro7eL0IONx843_11_3.png,0.45262826374073,0.475485116326323,0.311555420095499
./classification/shine_muscat_rembg/P4c0JEtb55WUbFu5UikTWQXEPAF2_11_3.png,0.716810749859049,0.70015347992232,0.457013092777047
./classification/shine_muscat_rembg/8NjrIc6clNWEeLUZxJznNnUc4DG3_0_3.png,0.535410790543832,0.557420056410779,0.496261936316988
./classification/shine_muscat_rembg/01yinoGAP1QCGSAbW5AgHMZTAmr1_3_3.png,0.398632618754863,0.449989605051351,0.379330090109355
./classification/shine_muscat_rembg/wnBuuyD4AicwEokro7eL0IONx843_6_3.png,0.508425297829975,0.556184401471432,0.279818433397455
./classification/shine_muscat_rembg/Z1srmBuetPdGkUUHCHsN44JwObr1_1_3.png,0.449100188020414,0.458693705792819,0.338190527352493
./classification/shine_muscat_rembg/eMcXVZJ1vVNpDiipZY8zOPrE4m62_7_3.png,0.413590562985758,0.42148893360161,0.254725214029274
./classification/shine_muscat_rembg/P4c0JEtb55WUbFu5UikTWQXEPAF2_2_3.png,0.588688957229165,0.694521145499357,0.603273790049947
./classification/shine_muscat_rembg/bf4USibOI4Unk1Boghm6eZrmAZI3_1_3.png,0.498277876172891,0.547720792352816,0.409189684842547
./classification/shine_muscat_rembg/Lp2QWzhBKHMF47c2srDjEuqKbot2_1_3.png,0.482256204189456,0.51013133906314,0.247819490435854
./classification/shine_muscat_rembg/NRVHJkkWjJNqGjbhUB5rJWw4bgj1_2_3.png,0.343332225545585,0.358121191979617,0.178801373656807
./classification/shine_muscat_rembg/UXeL1VFagMWUANnbnmiPUVXOjBa2_2_3.png,0.354876822523881,0.367439668174962,0.203821015585721
./classification/shine_muscat_rembg/vipeSdK9s9QdPeOGiOlUBrKa3g83_4_3.png,0.422842278338119,0.42782890377678,0.24280841247638
./classification/shine_muscat_rembg/UXeL1VFagMWUANnbnmiPUVXOjBa2_0_3.png,0.533620481864579,0.544455622976074,0.352294568281615
./classification/shine_muscat_rembg/hBbgjFeiYhboiu9zPpiJoncYlVp2_5_3.png,0.484071566276391,0.501347157568063,0.246233601354211
./classification/shine_muscat_rembg/O65Yx2mJ5CNaeSjaZknJ8mj8N423_0_3.png,0.479602471125437,0.510883695944131,0.35535858178888
./classification/shine_muscat_rembg/TVqILBKOtvRLnMnuNY4yJsPeKVC2_0_3.png,0.392417782954766,0.402891865657154,0.241301494855368
./classification/shine_muscat_rembg/fPQaqPza0mbl3nf30kFp1pcjXYX2_9_3.png,0.477610950424642,0.479720958223565,0.297373543842842
./classification/shine_muscat_rembg/eatmtKr3LuYVDAg0V7CqwggRtWZ2_0_3.png,0.419653575716001,0.473826101869319,0.330655690847768
./classification/shine_muscat_rembg/OCnMysCGnWdtIIK3VSQXlUDkvd53_5_3.png,0.293743859199453,0.330439147336494,0.185065573070187
./classification/shine_muscat_rembg/60TiN3ofOZMGIp67vkZdqPPHLWG2_1_3.png,0.503065402761546,0.503422066398303,0.422784919707397
./classification/shine_muscat_rembg/ePFLPMQGSfUnOlK8UtOiRSipXKp2_3_3.png,0.541975435825235,0.605663724917871,0.604878495472912
./classification/shine_muscat_rembg/I4PDiuTu30UCJ29PhHzzncA6APS2_0_3.png,0.747743175701653,0.771567345892605,0.500640779187492
./classification/shine_muscat_rembg/7WlvrDph6NOgVA5q4Whkh5RrMMg1_1_3.png,0.41225750477182,0.421761235467638,0.236559083810515
./classification/shine_muscat_rembg/Lp2QWzhBKHMF47c2srDjEuqKbot2_3_3.png,0.476821043345764,0.497216408035607,0.207426119732146
./classification/shine_muscat_rembg/jl078viZgJWXCXnZPyEOmT9xWtC2_2_3.png,0.480429803921569,0.640564705882353,0.430851764705882
./classification/shine_muscat_rembg/7Iqcti1zwyVTa8ktvEiDEBzz7qm2_1_3.png,0.430605047237907,0.498949253513148,0.447870182555781
./classification/shine_muscat_rembg/Lxwc0iV4HDehbTrrjcilczUj1oR2_13_3.png,0.455350958897566,0.516498292374197,0.301911824413078
./classification/shine_muscat_rembg/u0mGKeYUT4ORJ7yyqfERKsEiG5A2_2_3.png,0.361803478453528,0.363719951257339,0.188386691776522
./classification/shine_muscat_rembg/kiwtnLvJEORv3uUzZvj71xkyzxJ3_3_3.png,0.438471657006618,0.573362930077691,0.470912977350269
./classification/shine_muscat_rembg/RiPe8okgtDSHQLBCGwgBHzMHO8B2_2_3.png,0.358555569733316,0.38969843902854,0.112704691421037
./classification/shine_muscat_rembg/OulHeXby7xUi0UX7eLBdX4eTrPz1_7_3.png,0.517754378557165,0.471235672375725,0.18229224395007
./classification/shine_muscat_rembg/eMcXVZJ1vVNpDiipZY8zOPrE4m62_5_3.png,0.463472973426949,0.456510005487061,0.285900493835455
./classification/shine_muscat_rembg/SpLiJ9MjuwOCTOos3l9E1PF6HbX2_3_3.png,0.509685770630804,0.585981738730051,0.488536752760475
./classification/shine_muscat_rembg/7Iqcti1zwyVTa8ktvEiDEBzz7qm2_11_3.png,0.360131931560503,0.427637721755369,0.302421574690482
./classification/shine_muscat_rembg/OCnMysCGnWdtIIK3VSQXlUDkvd53_3_3.png,0.457805758959532,0.594792257739108,0.41573851405514
./classification/shine_muscat_rembg/7Iqcti1zwyVTa8ktvEiDEBzz7qm2_4_3.png,0.37084349651143,0.438697600544557,0.342110537561215
./classification/shine_muscat_rembg/Lp2QWzhBKHMF47c2srDjEuqKbot2_2_3.png,0.345459583564247,0.371262502309134,0.178594991159317
./classification/shine_muscat_rembg/GhytQQmgaGdFZDWowfylPV5jVwz1_0_3.png,0.532,0.561054041128647,0.425962697274032
./classification/shine_muscat_rembg/WRWdPpcLl1XsrhYTpLoBVMHGzfe2_2_3.png,0.439275688417443,0.42234222650809,0.289384620879317
./classification/shine_muscat_rembg/b8TV6EU0vrTcYpZurB3H3eNvlxr1_7_3.png,0.47112480127186,0.502331743508214,0.368706942236354
./classification/shine_muscat_rembg/HZl22XO10eXk4JTyxJiLfliGx8v1_1_3.png,0.556302797798961,0.570206541114469,0.208207393629388
./classification/shine_muscat_rembg/SpLiJ9MjuwOCTOos3l9E1PF6HbX2_5_3.png,0.40592722214744,0.443034055727554,0.318257280028716
./classification/shine_muscat_rembg/1NSjGoT1HEfdWyi4C9oitCGnRcu2_0_3.png,0.520170521658828,0.591196873053712,0.435124455039409
./classification/shine_muscat_rembg/6HAkjgvow4X9SdNEeg0buTvwqz62_0_3.png,0.476843379327039,0.349987896393125,0.162256112321472
./classification/shine_muscat_rembg/LFv4Zfpax2MfiwCevisWzvPv1h23_5_3.png,0.446881603162702,0.412957535273669,0.116874559789153
./classification/shine_muscat_rembg/Lxwc0iV4HDehbTrrjcilczUj1oR2_14_3.png,0.613162254148971,0.62893888738291,0.330317359918878
./classification/shine_muscat_rembg/yqirVxgybQVtc8IZgQWDwsukvar2_1_3.png,0.378434334458859,0.375730110775428,0.13733191161661
./classification/shine_muscat_rembg/sohpguGRVtMEMm6UodVG6DZUtU03_2_3.png,0.413671916854173,0.374910532519019,0.156907746705239
./classification/shine_muscat_rembg/Dc0WrvwXWCPSnnw0EWPs9wIo9Vi2_5_3.png,0.359033577551984,0.361359182319776,0.179200209043125
./classification/shine_muscat_rembg/Gf2krynLW6Mj2LxIFILiJ3jg51j2_16_3.png,0.409234895436918,0.359930774527926,0.169622340618318
./classification/shine_muscat_rembg/Gf2krynLW6Mj2LxIFILiJ3jg51j2_1_3.png,0.452787345324659,0.443030698693561,0.179383624862115
./classification/shine_muscat_rembg/ITHB3eUZhXSNvjvILEylMz3hV5s1_0_3.png,0.556004680353154,0.586200049640109,0.299176210568616
./classification/shine_muscat_rembg/3BWYNWUrUJc2dooVNq4RCVbdvkF3_11_3.png,0.407264462129702,0.416993041969775,0.232265253534413
./classification/shine_muscat_rembg/yrmY6DfT3cVRJ71QjOMtA2C3xtx2_2_3.png,0.394067554028911,0.494246457707171,0.402751538571633
./classification/shine_muscat_rembg/eO9Yc7wPbpOYbNJaxOXPx6kopqq1_4_3.png,0.427597515874677,0.441497453073756,0.316495708603726
./classification/shine_muscat_rembg/5Ca50apGZ6VGuoeYmDJpYV9qEu23_4_3.png,0.496327764601632,0.564382704787719,0.448806762403677
./classification/shine_muscat_rembg/df0ciVlcxCPcKrggVhv3g1kqTof2_0_3.png,0.475257576613739,0.505147765157936,0.325105950161044
./classification/shine_muscat_rembg/7Iqcti1zwyVTa8ktvEiDEBzz7qm2_6_3.png,0.449034436345801,0.505296056758946,0.371725467382997
./classification/shine_muscat_rembg/SuIZGlpjtFMCnElI6cXl6E2b58w2_2_3.png,0.441073708466976,0.472645553721753,0.32785891487352
./classification/shine_muscat_rembg/3BWYNWUrUJc2dooVNq4RCVbdvkF3_0_3.png,0.410685208866155,0.418605072463768,0.258469735720375
./classification/shine_muscat_rembg/vTeZ04dykgM2aNUPrgC0q0r5CdB3_4_3.png,0.3928628418075,0.397606440850076,0.165511794524633
./classification/shine_muscat_rembg/5sLxODxqADQbrmVVKrTuhffNq8B2_0_3.png,0.421361987417918,0.488956238232998,0.389392478302797
./classification/shine_muscat_rembg/TvsbQytW6iVeq8fbE8k4zFNu6Hg1_4_3.png,0.405625801722558,0.491176470588235,0.489513468938978
./classification/shine_muscat_rembg/SpLiJ9MjuwOCTOos3l9E1PF6HbX2_0_3.png,0.435015125154778,0.508404256986568,0.385418723844454
./classification/shine_muscat_rembg/Lxwc0iV4HDehbTrrjcilczUj1oR2_0_3.png,0.470767302354732,0.481991822604232,0.152854627391291
./classification/shine_muscat_rembg/yrmY6DfT3cVRJ71QjOMtA2C3xtx2_3_3.png,0.324540519001843,0.39957164915077,0.160000664109844
./classification/shine_muscat_rembg/poe0uFnxyZcJRJBcCsPWI77wpuX2_0_3.png,0.323400258306916,0.346706586826347,0.226182928261125
./classification/shine_muscat_rembg/LUFwApMi3saUjynuvbBCygNMrYC2_11_3.png,0.529428241884989,0.605668149612786,0.296777962521907
./classification/shine_muscat_rembg/mN9d4ZoyuRaGxolcNm5th0tYPHa2_5_3.png,0.348986589454435,0.367598801178503,0.12153052931017
./classification/shine_muscat_rembg/iIMm6D13p8Ymh4Wqst8dxracpn93_2_3.png,0.504457174793908,0.496374955366153,0.25330911461972
./classification/shine_muscat_rembg/GhytQQmgaGdFZDWowfylPV5jVwz1_4_3.png,0.454693011049262,0.537315079484479,0.330556809253966
./classification/shine_muscat_rembg/P4c0JEtb55WUbFu5UikTWQXEPAF2_6_3.png,0.400249121775762,0.372966088648164,0.227134679710571
./classification/shine_muscat_rembg/8RRjiTsscngNkpOTTzjkBa1rNSF3_0_3.png,0.351148922378869,0.333346297196565,0.180119915734889
./classification/shine_muscat_rembg/J5Gs8CpPrSRCZlhzebeXw3avdxF3_1_3.png,0.530189036940743,0.576306738164879,0.36946430505904
./classification/shine_muscat_rembg/52PXH1dldWRkUvpjOd0FNqRcNM03_2_3.png,0.381104615759347,0.402052125197905,0.206494336865181
./classification/shine_muscat_rembg/vipeSdK9s9QdPeOGiOlUBrKa3g83_0_3.png,0.313477743549623,0.311965185076524,0.120809088390136
./classification/shine_muscat_rembg/eMcXVZJ1vVNpDiipZY8zOPrE4m62_17_3.png,0.418863923251704,0.414131111672137,0.246126399057477
./classification/shine_muscat_rembg/60TiN3ofOZMGIp67vkZdqPPHLWG2_3_3.png,0.438753784549272,0.446184427477408,0.302791518013593
./classification/shine_muscat_rembg/hSUxTcOyq2R3RJ6Xm40mkBZlqa03_0_3.png,0.326760010651866,0.533111886641719,0.334036917125678
./classification/shine_muscat_rembg/h5bjJtG5XAYYll3ekhTUsIqxpJh2_0_3.png,0.444684858306688,0.548724687194312,0.442678813893391
./classification/shine_muscat_rembg/ePFLPMQGSfUnOlK8UtOiRSipXKp2_14_3.png,0.676861470482017,0.647968049625051,0.486699381811229
./classification/shine_muscat_rembg/b8TV6EU0vrTcYpZurB3H3eNvlxr1_3_3.png,0.405512628780326,0.432153539381855,0.310024094383516
./classification/shine_muscat_rembg/u0mGKeYUT4ORJ7yyqfERKsEiG5A2_3_3.png,0.356707286495161,0.354265081991876,0.201143372950203
./classification/shine_muscat_rembg/hdz0FaYRbJSDywHQDnyCaj0EHbb2_0_3.png,0.578552451633697,0.70347296626336,0.592925148735638
./classification/shine_muscat_rembg/ePFLPMQGSfUnOlK8UtOiRSipXKp2_19_3.png,0.582190141811976,0.635746556041556,0.495061752610347
./classification/shine_muscat_rembg/eXWuneoOrabe2VnswKBzUbfU7zl2_2_3.png,0.607878588370346,0.649143686747191,0.391103458171904
./classification/shine_muscat_rembg/01yinoGAP1QCGSAbW5AgHMZTAmr1_2_3.png,0.388075124648015,0.438330879123718,0.401316231367382
./classification/shine_muscat_rembg/7wtBi1DTiLh1hip8jd8IxONTKko2_14_3.png,0.403725533186307,0.567599984523518,0.566392818912261
./classification/shine_muscat_rembg/kiwtnLvJEORv3uUzZvj71xkyzxJ3_4_3.png,0.476239550083599,0.609350965192278,0.441173430612555
./classification/shine_muscat_rembg/wnBuuyD4AicwEokro7eL0IONx843_12_3.png,0.54612071665727,0.563185178224645,0.450599824594374
./classification/shine_muscat_rembg/yqirVxgybQVtc8IZgQWDwsukvar2_2_3.png,0.406503620414324,0.354301839739243,0.330531796206768
./classification/shine_muscat_rembg/ePFLPMQGSfUnOlK8UtOiRSipXKp2_6_3.png,0.648108040467046,0.625887743413517,0.574813017990701
./classification/shine_muscat_rembg/7wtBi1DTiLh1hip8jd8IxONTKko2_4_3.png,0.400594758451326,0.421623306856989,0.239420973869
./classification/shine_muscat_rembg/vipeSdK9s9QdPeOGiOlUBrKa3g83_3_3.png,0.318317730892832,0.327753714312328,0.142964929439709
./classification/shine_muscat_rembg/LUFwApMi3saUjynuvbBCygNMrYC2_9_3.png,0.406681540768023,0.450280365005725,0.13528939571012
./classification/shine_muscat_rembg/ePFLPMQGSfUnOlK8UtOiRSipXKp2_4_3.png,0.518493258817214,0.498246029490701,0.357020618231189
./classification/shine_muscat_rembg/Lxwc0iV4HDehbTrrjcilczUj1oR2_7_3.png,0.50774835876701,0.488083126820573,0.299489587409243
./classification/shine_muscat_rembg/Lp2QWzhBKHMF47c2srDjEuqKbot2_5_3.png,0.532366790582404,0.542890881259567,0.203111013922298
./classification/shine_muscat_rembg/eXWuneoOrabe2VnswKBzUbfU7zl2_1_3.png,0.584042564118366,0.605316406290122,0.374652574492343
./classification/shine_muscat_rembg/wnBuuyD4AicwEokro7eL0IONx843_7_3.png,0.594551579071238,0.613618110409955,0.453104452583734
./classification/shine_muscat_rembg/7wtBi1DTiLh1hip8jd8IxONTKko2_2_3.png,0.430182315888176,0.537208774755564,0.476006291448319
./classification/shine_muscat_rembg/beD40M0jj8R54ZtvcE1o0zUrHoN2_1_3.png,0.354972540197181,0.375628046494188,0.272886477425616
./classification/shine_muscat_rembg/yrmY6DfT3cVRJ71QjOMtA2C3xtx2_13_3.png,0.359146328164191,0.384994220157473,0.199419834674693
./classification/shine_muscat_rembg/b8TV6EU0vrTcYpZurB3H3eNvlxr1_13_3.png,0.378379509576452,0.405471998544197,0.236129384468405
./classification/shine_muscat_rembg/bf4USibOI4Unk1Boghm6eZrmAZI3_0_3.png,0.521500550882756,0.589930042368706,0.445441109289764
./classification/shine_muscat_rembg/Gf2krynLW6Mj2LxIFILiJ3jg51j2_13_3.png,0.406192645408332,0.393941594595189,0.138410246253384
./classification/shine_muscat_rembg/mg5aUdwmbQQNkKlLxAqKFen8TWm2_7_3.png,0.356568060750312,0.425728210359288,0.318976916392761
./classification/shine_muscat_rembg/yqirVxgybQVtc8IZgQWDwsukvar2_8_3.png,0.342262443438914,0.345664633746475,0.145457407043085
./classification/shine_muscat_rembg/PacOcOkuVCdt5rhr0ekFRdXrkAE2_0_3.png,0.48362381989833,0.522509077705156,0.41062091503268
./classification/shine_muscat_rembg/N8RiRpQr5ge60qAXYcMCrzO8sNF2_0_3.png,0.36460931267582,0.36172481840702,0.225116513414788
./classification/shine_muscat_rembg/grDqRCkw8LZ563ssLDB9NRDkFf22_0_3.png,0.485128921784288,0.496476109141413,0.313345927900417
./classification/shine_muscat_rembg/vTeZ04dykgM2aNUPrgC0q0r5CdB3_1_3.png,0.53283841474933,0.658026370471117,0.5025709320337
./classification/shine_muscat_rembg/7wtBi1DTiLh1hip8jd8IxONTKko2_3_3.png,0.414811821043221,0.445683049401314,0.250255355108939
./classification/shine_muscat_rembg/mgwUrQidp9cOMGzOn8wb2GTNEv42_2_3.png,0.55466492641433,0.580213630976492,0.356826739877282
./classification/shine_muscat_rembg/wnBuuyD4AicwEokro7eL0IONx843_15_3.png,0.689782693704262,0.702100441316128,0.559766214177979
./classification/shine_muscat_rembg/mg5aUdwmbQQNkKlLxAqKFen8TWm2_14_3.png,0.324848780091747,0.40977550440466,0.295976941501238
./classification/shine_muscat_rembg/8NjrIc6clNWEeLUZxJznNnUc4DG3_6_3.png,0.376359180035651,0.402580956625074,0.173443998811646
./classification/shine_muscat_rembg/8NjrIc6clNWEeLUZxJznNnUc4DG3_4_3.png,0.327293064876957,0.348227398341887,0.142747729964469
./classification/shine_muscat_rembg/P4c0JEtb55WUbFu5UikTWQXEPAF2_4_3.png,0.573798111837328,0.554554345194868,0.390080852093924
./classification/shine_muscat_rembg/ePFLPMQGSfUnOlK8UtOiRSipXKp2_12_3.png,0.63902991583693,0.606039804714491,0.527014872962472
./classification/shine_muscat_rembg/OGFOWF2lL9MwAQvJZeaMVOMZ77E2_1_3.png,0.4686524710623,0.567666153096564,0.288131263250767
./classification/shine_muscat_rembg/7wtBi1DTiLh1hip8jd8IxONTKko2_10_3.png,0.439713764788134,0.467169314707939,0.246487632573421
./classification/shine_muscat_rembg/4Zxq51qdTUb3sDstSdIFgdxEEmz1_3_3.png,0.353066523413018,0.393127406213627,0.237625570776256
./classification/shine_muscat_rembg/8NjrIc6clNWEeLUZxJznNnUc4DG3_3_3.png,0.297614068506671,0.319133693604158,0.096912851729921
./classification/shine_muscat_rembg/5Ca50apGZ6VGuoeYmDJpYV9qEu23_1_3.png,0.558855538002457,0.615744096480087,0.529764891738686
./classification/shine_muscat_rembg/7INZg4v4GvROlnjwBuZUEIh8eBt2_6_3.png,0.551855836787489,0.538008642737455,0.134863156656966
./classification/shine_muscat_rembg/oEe9XP5Vl1gyb7rXTsDtGTmqBvD3_1_3.png,0.479691562018066,0.528938826466916,0.277203495630462
./classification/shine_muscat_rembg/P4c0JEtb55WUbFu5UikTWQXEPAF2_8_3.png,0.555466470315525,0.562240584690065,0.410368431099839
./classification/shine_muscat_rembg/7INZg4v4GvROlnjwBuZUEIh8eBt2_2_3.png,0.466994445425818,0.501114840330527,0.33025574594202
./classification/shine_muscat_rembg/52PXH1dldWRkUvpjOd0FNqRcNM03_4_3.png,0.511125889204603,0.566116518549866,0.428136146544949
./classification/shine_muscat_rembg/eMcXVZJ1vVNpDiipZY8zOPrE4m62_16_3.png,0.295434815147433,0.297676246070947,0.127480916030534
./classification/shine_muscat_rembg/P4c0JEtb55WUbFu5UikTWQXEPAF2_12_3.png,0.751813654067747,0.71985067946557,0.607675532573399
./classification/shine_muscat_rembg/3BWYNWUrUJc2dooVNq4RCVbdvkF3_4_3.png,0.373596561912436,0.394132420091324,0.22276390008058
./classification/shine_muscat_rembg/3469Bjgpu4WFadF2E5CrlLNWaxh1_1_3.png,0.624560292987295,0.674898645084475,0.607083540564573
./classification/shine_muscat_rembg/NRVHJkkWjJNqGjbhUB5rJWw4bgj1_3_3.png,0.314676483370402,0.316309192081874,0.131671651711532
./classification/shine_muscat_rembg/NJrd3R7akraJG7FJw0Iw8e5O1UH3_2_3.png,0.445730917829361,0.425853764643734,0.292990688087174
./classification/shine_muscat_rembg/b8TV6EU0vrTcYpZurB3H3eNvlxr1_11_3.png,0.500271559005282,0.525291337909209,0.379239634785212
./classification/shine_muscat_rembg/7wtBi1DTiLh1hip8jd8IxONTKko2_5_3.png,0.324226020581127,0.547100014945558,0.479791782859267
./classification/shine_muscat_rembg/7INZg4v4GvROlnjwBuZUEIh8eBt2_7_3.png,0.420972596989866,0.420492894405469,0.21981891227439
./classification/shine_muscat_rembg/mN9d4ZoyuRaGxolcNm5th0tYPHa2_2_3.png,0.351641515244841,0.362708140847962,0.147085514834206
./classification/shine_muscat_rembg/J5Gs8CpPrSRCZlhzebeXw3avdxF3_3_3.png,0.388107147286181,0.393808992324969,0.170564810604495
./classification/shine_muscat_rembg/iIMm6D13p8Ymh4Wqst8dxracpn93_6_3.png,0.3200290486565,0.325704099821747,0.129258599062521
./classification/shine_muscat_rembg/aBDk8ks0w9WaooL4eKtprZfO3UX2_1_3.png,0.599415828507569,0.652075078736158,0.504429543838261
./classification/shine_muscat_rembg/ePFLPMQGSfUnOlK8UtOiRSipXKp2_11_3.png,0.642732002548312,0.607629008282013,0.568323069299922
./classification/shine_muscat_rembg/poe0uFnxyZcJRJBcCsPWI77wpuX2_2_3.png,0.268091236494598,0.255510204081633,0.125442176870748
./classification/shine_muscat_rembg/SpLiJ9MjuwOCTOos3l9E1PF6HbX2_1_3.png,0.499856439331989,0.565549074124553,0.414356066801141
./classification/shine_muscat_rembg/1J9b0Onah1hDP1VkuyPYocdWNEO2_1_3.png,0.409419791308336,0.46370255704621,0.220041279669763
./classification/shine_muscat_rembg/7INZg4v4GvROlnjwBuZUEIh8eBt2_0_3.png,0.447448304568226,0.521235636028483,0.303970625399515
./classification/shine_muscat_rembg/RiPe8okgtDSHQLBCGwgBHzMHO8B2_0_3.png,0.536135633821723,0.574238247168272,0.400697993784138
./classification/shine_muscat_rembg/yrmY6DfT3cVRJ71QjOMtA2C3xtx2_8_3.png,0.423082818032874,0.53733153638814,0.456738544474394
./classification/shine_muscat_rembg/OulHeXby7xUi0UX7eLBdX4eTrPz1_3_3.png,0.61780910711392,0.673015358576856,0.42173967842417
./classification/shine_muscat_rembg/ePFLPMQGSfUnOlK8UtOiRSipXKp2_15_3.png,0.628385696620991,0.604047745224216,0.485865697630404
./classification/shine_muscat_rembg/Lp2QWzhBKHMF47c2srDjEuqKbot2_6_3.png,0.546749945620086,0.539200149156334,0.268681520151642
./classification/shine_muscat_rembg/ePFLPMQGSfUnOlK8UtOiRSipXKp2_10_3.png,0.59298927118017,0.619570847206807,0.36189419163892
./classification/shine_muscat_rembg/4Zxq51qdTUb3sDstSdIFgdxEEmz1_6_3.png,0.587566592271448,0.645459753897198,0.474773180096286
./classification/shine_muscat_rembg/u0mGKeYUT4ORJ7yyqfERKsEiG5A2_0_3.png,0.390777811997399,0.391475892276631,0.203668343428122
./classification/shine_muscat_rembg/OCnMysCGnWdtIIK3VSQXlUDkvd53_4_3.png,0.527978792004012,0.653320914236584,0.492603472570514
./classification/shine_muscat_rembg/ePFLPMQGSfUnOlK8UtOiRSipXKp2_22_3.png,0.443742235186085,0.401046561875439,0.358620969048776
./classification/shine_muscat_rembg/Gf2krynLW6Mj2LxIFILiJ3jg51j2_2_3.png,0.400628513256318,0.374788651352189,0.191705395476475
./classification/shine_muscat_rembg/9UG434dfgBOiVmjQOPtrqsCArR32_4_3.png,0.365554250738408,0.413998078360201,0.274148250951923
./classification/shine_muscat_rembg/LFv4Zfpax2MfiwCevisWzvPv1h23_8_3.png,0.470279426755412,0.473282065119626,0.166929004017509
./classification/shine_muscat_rembg/kiwtnLvJEORv3uUzZvj71xkyzxJ3_1_3.png,0.429408939368255,0.525292422444482,0.469624795163022
./classification/shine_muscat_rembg/iIMm6D13p8Ymh4Wqst8dxracpn93_7_3.png,0.50983249980154,0.530869254584425,0.196405493371438
./classification/shine_muscat_rembg/eO9Yc7wPbpOYbNJaxOXPx6kopqq1_1_3.png,0.503547873211547,0.646531778998615,0.454684592136019
./classification/shine_muscat_rembg/AAAHujQHp1aHTU6cMhqxmmGOUjI2_3_3.png,0.628890441049936,0.660246793606446,0.393869638717645
./classification/shine_muscat_rembg/mA20JhgFF1SM0MHiAXiQXHjUECr1_0_3.png,0.51127643274476,0.525849555262243,0.511607486239435
./classification/shine_muscat_rembg/SpLiJ9MjuwOCTOos3l9E1PF6HbX2_2_3.png,0.384221431127686,0.414433708161459,0.258663426946187
